run_id,run_ts,as_of_date,provider,universe_size,n_eligible,config_json,code_version
1,1789975514.9920564,2026-09-18,yahoo,8701,3095,"{""composite_threshold"": 2.0, ""empty_day_target"": 0.2, ""max_gap_days"": 3, ""max_picks"": 3, ""min_dollar_vol_ca"": 2000000.0, ""min_dollar_vol_us"": 5000000.0, ""min_price"": 1.0, ""min_qualifiers"": 2, ""min_sessions"": 250, ""one_per_sector"": true, ""qual_gap_atr"": 0.75, ""qual_range_ratio"": 1.5, ""qual_ret_z"": 2.0, ""qual_rvol"": 2.0, ""require_confirmation"": true, ""weights"": {}}",sha256:6fcaa86844f1
2,1790033110.954342,2026-05-15,yahoo,8701,3009,"{""composite_threshold"": 2.0, ""empty_day_target"": 0.2, ""max_gap_days"": 3, ""max_picks"": 3, ""min_dollar_vol_ca"": 2000000.0, ""min_dollar_vol_us"": 5000000.0, ""min_price"": 1.0, ""min_qualifiers"": 2, ""min_sessions"": 250, ""one_per_sector"": true, ""qual_gap_atr"": 1.0, ""qual_range_ratio"": 2.0, ""qual_ret_z"": 2.5, ""qual_rvol"": 3.0, ""require_confirmation"": true, ""weights"": {}}",sha256:b1c3a9872ddc
3,1790033110.991165,2026-05-18,yahoo,8701,2717,"{""composite_threshold"": 2.0, ""empty_day_target"": 0.2, ""max_gap_days"": 3, ""max_picks"": 3, ""min_dollar_vol_ca"": 2000000.0, ""min_dollar_vol_us"": 5000000.0, ""min_price"": 1.0, ""min_qualifiers"": 2, ""min_sessions"": 250, ""one_per_sector"": true, ""qual_gap_atr"": 1.0, ""qual_range_ratio"": 2.0, ""qual_ret_z"": 2.5, ""qual_rvol"": 3.0, ""require_confirmation"": true, ""weights"": {}}",sha256:b1c3a9872ddc
4,1790033111.011604,2026-05-19,yahoo,8701,2714,"{""composite_threshold"": 2.0, ""empty_day_target"": 0.2, ""max_gap_days"": 3, ""max_picks"": 3, ""min_dollar_vol_ca"": 2000000.0, ""min_dollar_vol_us"": 5000000.0, ""min_price"": 1.0, ""min_qualifiers"": 2, ""min_sessions"": 250, ""one_per_sector"": true, ""qual_gap_atr"": 1.0, ""qual_range_ratio"": 2.0, ""qual_ret_z"": 2.5, ""qual_rvol"": 3.0, ""require_confirmation"": true, ""weights"": {}}",sha256:b1c3a9872ddc
5,1790033111.03245,2026-05-20,yahoo,8701,3024,"{""composite_threshold"": 2.0, ""empty_day_target"": 0.2, ""max_gap_days"": 3, ""max_picks"": 3, ""min_dollar_vol_ca"": 2000000.0, ""min_dollar_vol_us"": 5000000.0, ""min_price"": 1.0, ""min_qualifiers"": 2, ""min_sessions"": 250, ""one_per_sector"": true, ""qual_gap_atr"": 1.0, ""qual_range_ratio"": 2.0, ""qual_ret_z"": 2.5, ""qual_rvol"": 3.0, ""require_confirmation"": true, ""weights"": {}}",sha256:b1c3a9872ddc
6,1790033111.058569,2026-05-21,yahoo,8701,3031,"{""composite_threshold"": 2.0, ""empty_day_target"": 0.2, ""max_gap_days"": 3, ""max_picks"": 3, ""min_dollar_vol_ca"": 2000000.0, ""min_dollar_vol_us"": 5000000.0, ""min_price"": 1.0, ""min_qualifiers"": 2, ""min_sessions"": 250, ""one_per_sector"": true, ""qual_gap_atr"": 1.0, ""qual_range_ratio"": 2.0, ""qual_ret_z"": 2.5, ""qual_rvol"": 3.0, ""require_confirmation"": true, ""weights"": {}}",sha256:b1c3a9872ddc
7,1790033111.0832288,2026-05-22,yahoo,8701,3034,"{""composite_threshold"": 2.0, ""empty_day_target"": 0.2, ""max_gap_days"": 3, ""max_picks"": 3, ""min_dollar_vol_ca"": 2000000.0, ""min_dollar_vol_us"": 5000000.0, ""min_price"": 1.0, ""min_qualifiers"": 2, ""min_sessions"": 250, ""one_per_sector"": true, ""qual_gap_atr"": 1.0, ""qual_range_ratio"": 2.0, ""qual_ret_z"": 2.5, ""qual_rvol"": 3.0, ""require_confirmation"": true, ""weights"": {}}",sha256:b1c3a9872ddc
8,1790033111.1100092,2026-05-25,yahoo,8701,298,"{""composite_threshold"": 2.0, ""empty_day_target"": 0.2, ""max_gap_days"": 3, ""max_picks"": 3, ""min_dollar_vol_ca"": 2000000.0, ""min_dollar_vol_us"": 5000000.0, ""min_price"": 1.0, ""min_qualifiers"": 2, ""min_sessions"": 250, ""one_per_sector"": true, ""qual_gap_atr"": 1.0, ""qual_range_ratio"": 2.0, ""qual_ret_z"": 2.5, ""qual_rvol"": 3.0, ""require_confirmation"": true, ""weights"": {}}",sha256:b1c3a9872ddc
9,1790033111.1201348,2026-05-26,yahoo,8701,296,"{""composite_threshold"": 2.0, ""empty_day_target"": 0.2, ""max_gap_days"": 3, ""max_picks"": 3, ""min_dollar_vol_ca"": 2000000.0, ""min_dollar_vol_us"": 5000000.0, ""min_price"": 1.0, ""min_qualifiers"": 2, ""min_sessions"": 250, ""one_per_sector"": true, ""qual_gap_atr"": 1.0, ""qual_range_ratio"": 2.0, ""qual_ret_z"": 2.5, ""qual_rvol"": 3.0, ""require_confirmation"": true, ""weights"": {}}",sha256:b1c3a9872ddc
10,1790033111.135018,2026-05-27,yahoo,8701,3041,"{""composite_threshold"": 2.0, ""empty_day_target"": 0.2, ""max_gap_days"": 3, ""max_picks"": 3, ""min_dollar_vol_ca"": 2000000.0, ""min_dollar_vol_us"": 5000000.0, ""min_price"": 1.0, ""min_qualifiers"": 2, ""min_sessions"": 250, ""one_per_sector"": true, ""qual_gap_atr"": 1.0, ""qual_range_ratio"": 2.0, ""qual_ret_z"": 2.5, ""qual_rvol"": 3.0, ""require_confirmation"": true, ""weights"": {}}",sha256:b1c3a9872ddc
11,1790033111.161817,2026-05-28,yahoo,8701,3052,"{""composite_threshold"": 2.0, ""empty_day_target"": 0.2, ""max_gap_days"": 3, ""max_picks"": 3, ""min_dollar_vol_ca"": 2000000.0, ""min_dollar_vol_us"": 5000000.0, ""min_price"": 1.0, ""min_qualifiers"": 2, ""min_sessions"": 250, ""one_per_sector"": true, ""qual_gap_atr"": 1.0, ""qual_range_ratio"": 2.0, ""qual_ret_z"": 2.5, ""qual_rvol"": 3.0, ""require_confirmation"": true, ""weights"": {}}",sha256:b1c3a9872ddc
12,1790033111.191106,2026-05-29,yahoo,8701,3059,"{""composite_threshold"": 2.0, ""empty_day_target"": 0.2, ""max_gap_days"": 3, ""max_picks"": 3, ""min_dollar_vol_ca"": 2000000.0, ""min_dollar_vol_us"": 5000000.0, ""min_price"": 1.0, ""min_qualifiers"": 2, ""min_sessions"": 250, ""one_per_sector"": true, ""qual_gap_atr"": 1.0, ""qual_range_ratio"": 2.0, ""qual_ret_z"": 2.5, ""qual_rvol"": 3.0, ""require_confirmation"": true, ""weights"": {}}",sha256:b1c3a9872ddc
13,1790033111.218745,2026-06-01,yahoo,8701,3071,"{""composite_threshold"": 2.0, ""empty_day_target"": 0.2, ""max_gap_days"": 3, ""max_picks"": 3, ""min_dollar_vol_ca"": 2000000.0, ""min_dollar_vol_us"": 5000000.0, ""min_price"": 1.0, ""min_qualifiers"": 2, ""min_sessions"": 250, ""one_per_sector"": true, ""qual_gap_atr"": 1.0, ""qual_range_ratio"": 2.0, ""qual_ret_z"": 2.5, ""qual_rvol"": 3.0, ""require_confirmation"": true, ""weights"": {}}",sha256:b1c3a9872ddc
14,1790033111.248487,2026-06-02,yahoo,8701,3075,"{""composite_threshold"": 2.0, ""empty_day_target"": 0.2, ""max_gap_days"": 3, ""max_picks"": 3, ""min_dollar_vol_ca"": 2000000.0, ""min_dollar_vol_us"": 5000000.0, ""min_price"": 1.0, ""min_qualifiers"": 2, ""min_sessions"": 250, ""one_per_sector"": true, ""qual_gap_atr"": 1.0, ""qual_range_ratio"": 2.0, ""qual_ret_z"": 2.5, ""qual_rvol"": 3.0, ""require_confirmation"": true, ""weights"": {}}",sha256:b1c3a9872ddc
15,1790033111.279646,2026-06-03,yahoo,8701,3082,"{""composite_threshold"": 2.0, ""empty_day_target"": 0.2, ""max_gap_days"": 3, ""max_picks"": 3, ""min_dollar_vol_ca"": 2000000.0, ""min_dollar_vol_us"": 5000000.0, ""min_price"": 1.0, ""min_qualifiers"": 2, ""min_sessions"": 250, ""one_per_sector"": true, ""qual_gap_atr"": 1.0, ""qual_range_ratio"": 2.0, ""qual_ret_z"": 2.5, ""qual_rvol"": 3.0, ""require_confirmation"": true, ""weights"": {}}",sha256:b1c3a9872ddc
16,1790033111.316652,2026-06-04,yahoo,8701,3084,"{""composite_threshold"": 2.0, ""empty_day_target"": 0.2, ""max_gap_days"": 3, ""max_picks"": 3, ""min_dollar_vol_ca"": 2000000.0, ""min_dollar_vol_us"": 5000000.0, ""min_price"": 1.0, ""min_qualifiers"": 2, ""min_sessions"": 250, ""one_per_sector"": true, ""qual_gap_atr"": 1.0, ""qual_range_ratio"": 2.0, ""qual_ret_z"": 2.5, ""qual_rvol"": 3.0, ""require_confirmation"": true, ""weights"": {}}",sha256:b1c3a9872ddc
17,1790033111.350236,2026-06-05,yahoo,8701,3083,"{""composite_threshold"": 2.0, ""empty_day_target"": 0.2, ""max_gap_days"": 3, ""max_picks"": 3, ""min_dollar_vol_ca"": 2000000.0, ""min_dollar_vol_us"": 5000000.0, ""min_price"": 1.0, ""min_qualifiers"": 2, ""min_sessions"": 250, ""one_per_sector"": true, ""qual_gap_atr"": 1.0, ""qual_range_ratio"": 2.0, ""qual_ret_z"": 2.5, ""qual_rvol"": 3.0, ""require_confirmation"": true, ""weights"": {}}",sha256:b1c3a9872ddc
18,1790033111.38364,2026-06-08,yahoo,8701,3089,"{""composite_threshold"": 2.0, ""empty_day_target"": 0.2, ""max_gap_days"": 3, ""max_picks"": 3, ""min_dollar_vol_ca"": 2000000.0, ""min_dollar_vol_us"": 5000000.0, ""min_price"": 1.0, ""min_qualifiers"": 2, ""min_sessions"": 250, ""one_per_sector"": true, ""qual_gap_atr"": 1.0, ""qual_range_ratio"": 2.0, ""qual_ret_z"": 2.5, ""qual_rvol"": 3.0, ""require_confirmation"": true, ""weights"": {}}",sha256:b1c3a9872ddc
19,1790033111.416086,2026-06-09,yahoo,8701,3092,"{""composite_threshold"": 2.0, ""empty_day_target"": 0.2, ""max_gap_days"": 3, ""max_picks"": 3, ""min_dollar_vol_ca"": 2000000.0, ""min_dollar_vol_us"": 5000000.0, ""min_price"": 1.0, ""min_qualifiers"": 2, ""min_sessions"": 250, ""one_per_sector"": true, ""qual_gap_atr"": 1.0, ""qual_range_ratio"": 2.0, ""qual_ret_z"": 2.5, ""qual_rvol"": 3.0, ""require_confirmation"": true, ""weights"": {}}",sha256:b1c3a9872ddc
20,1790033111.4474208,2026-06-10,yahoo,8701,3094,"{""composite_threshold"": 2.0, ""empty_day_target"": 0.2, ""max_gap_days"": 3, ""max_picks"": 3, ""min_dollar_vol_ca"": 2000000.0, ""min_dollar_vol_us"": 5000000.0, ""min_price"": 1.0, ""min_qualifiers"": 2, ""min_sessions"": 250, ""one_per_sector"": true, ""qual_gap_atr"": 1.0, ""qual_range_ratio"": 2.0, ""qual_ret_z"": 2.5, ""qual_rvol"": 3.0, ""require_confirmation"": true, ""weights"": {}}",sha256:b1c3a9872ddc
21,1790033111.485763,2026-06-11,yahoo,8701,3092,"{""composite_threshold"": 2.0, ""empty_day_target"": 0.2, ""max_gap_days"": 3, ""max_picks"": 3, ""min_dollar_vol_ca"": 2000000.0, ""min_dollar_vol_us"": 5000000.0, ""min_price"": 1.0, ""min_qualifiers"": 2, ""min_sessions"": 250, ""one_per_sector"": true, ""qual_gap_atr"": 1.0, ""qual_range_ratio"": 2.0, ""qual_ret_z"": 2.5, ""qual_rvol"": 3.0, ""require_confirmation"": true, ""weights"": {}}",sha256:b1c3a9872ddc
22,1790033111.526714,2026-06-12,yahoo,8701,3094,"{""composite_threshold"": 2.0, ""empty_day_target"": 0.2, ""max_gap_days"": 3, ""max_picks"": 3, ""min_dollar_vol_ca"": 2000000.0, ""min_dollar_vol_us"": 5000000.0, ""min_price"": 1.0, ""min_qualifiers"": 2, ""min_sessions"": 250, ""one_per_sector"": true, ""qual_gap_atr"": 1.0, ""qual_range_ratio"": 2.0, ""qual_ret_z"": 2.5, ""qual_rvol"": 3.0, ""require_confirmation"": true, ""weights"": {}}",sha256:b1c3a9872ddc
23,1790033111.560163,2026-06-15,yahoo,8701,3098,"{""composite_threshold"": 2.0, ""empty_day_target"": 0.2, ""max_gap_days"": 3, ""max_picks"": 3, ""min_dollar_vol_ca"": 2000000.0, ""min_dollar_vol_us"": 5000000.0, ""min_price"": 1.0, ""min_qualifiers"": 2, ""min_sessions"": 250, ""one_per_sector"": true, ""qual_gap_atr"": 1.0, ""qual_range_ratio"": 2.0, ""qual_ret_z"": 2.5, ""qual_rvol"": 3.0, ""require_confirmation"": true, ""weights"": {}}",sha256:b1c3a9872ddc
24,1790033111.5994592,2026-06-16,yahoo,8701,3097,"{""composite_threshold"": 2.0, ""empty_day_target"": 0.2, ""max_gap_days"": 3, ""max_picks"": 3, ""min_dollar_vol_ca"": 2000000.0, ""min_dollar_vol_us"": 5000000.0, ""min_price"": 1.0, ""min_qualifiers"": 2, ""min_sessions"": 250, ""one_per_sector"": true, ""qual_gap_atr"": 1.0, ""qual_range_ratio"": 2.0, ""qual_ret_z"": 2.5, ""qual_rvol"": 3.0, ""require_confirmation"": true, ""weights"": {}}",sha256:b1c3a9872ddc
25,1790033111.640783,2026-06-17,yahoo,8701,3099,"{""composite_threshold"": 2.0, ""empty_day_target"": 0.2, ""max_gap_days"": 3, ""max_picks"": 3, ""min_dollar_vol_ca"": 2000000.0, ""min_dollar_vol_us"": 5000000.0, ""min_price"": 1.0, ""min_qualifiers"": 2, ""min_sessions"": 250, ""one_per_sector"": true, ""qual_gap_atr"": 1.0, ""qual_range_ratio"": 2.0, ""qual_ret_z"": 2.5, ""qual_rvol"": 3.0, ""require_confirmation"": true, ""weights"": {}}",sha256:b1c3a9872ddc
26,1790033111.679059,2026-06-18,yahoo,8701,3103,"{""composite_threshold"": 2.0, ""empty_day_target"": 0.2, ""max_gap_days"": 3, ""max_picks"": 3, ""min_dollar_vol_ca"": 2000000.0, ""min_dollar_vol_us"": 5000000.0, ""min_price"": 1.0, ""min_qualifiers"": 2, ""min_sessions"": 250, ""one_per_sector"": true, ""qual_gap_atr"": 1.0, ""qual_range_ratio"": 2.0, ""qual_ret_z"": 2.5, ""qual_rvol"": 3.0, ""require_confirmation"": true, ""weights"": {}}",sha256:b1c3a9872ddc
27,1790033111.714502,2026-06-19,yahoo,8701,290,"{""composite_threshold"": 2.0, ""empty_day_target"": 0.2, ""max_gap_days"": 3, ""max_picks"": 3, ""min_dollar_vol_ca"": 2000000.0, ""min_dollar_vol_us"": 5000000.0, ""min_price"": 1.0, ""min_qualifiers"": 2, ""min_sessions"": 250, ""one_per_sector"": true, ""qual_gap_atr"": 1.0, ""qual_range_ratio"": 2.0, ""qual_ret_z"": 2.5, ""qual_rvol"": 3.0, ""require_confirmation"": true, ""weights"": {}}",sha256:b1c3a9872ddc
28,1790033111.729877,2026-06-22,yahoo,8701,292,"{""composite_threshold"": 2.0, ""empty_day_target"": 0.2, ""max_gap_days"": 3, ""max_picks"": 3, ""min_dollar_vol_ca"": 2000000.0, ""min_dollar_vol_us"": 5000000.0, ""min_price"": 1.0, ""min_qualifiers"": 2, ""min_sessions"": 250, ""one_per_sector"": true, ""qual_gap_atr"": 1.0, ""qual_range_ratio"": 2.0, ""qual_ret_z"": 2.5, ""qual_rvol"": 3.0, ""require_confirmation"": true, ""weights"": {}}",sha256:b1c3a9872ddc
29,1790033111.747283,2026-06-23,yahoo,8701,3116,"{""composite_threshold"": 2.0, ""empty_day_target"": 0.2, ""max_gap_days"": 3, ""max_picks"": 3, ""min_dollar_vol_ca"": 2000000.0, ""min_dollar_vol_us"": 5000000.0, ""min_price"": 1.0, ""min_qualifiers"": 2, ""min_sessions"": 250, ""one_per_sector"": true, ""qual_gap_atr"": 1.0, ""qual_range_ratio"": 2.0, ""qual_ret_z"": 2.5, ""qual_rvol"": 3.0, ""require_confirmation"": true, ""weights"": {}}",sha256:b1c3a9872ddc
30,1790033111.784686,2026-06-24,yahoo,8701,3116,"{""composite_threshold"": 2.0, ""empty_day_target"": 0.2, ""max_gap_days"": 3, ""max_picks"": 3, ""min_dollar_vol_ca"": 2000000.0, ""min_dollar_vol_us"": 5000000.0, ""min_price"": 1.0, ""min_qualifiers"": 2, ""min_sessions"": 250, ""one_per_sector"": true, ""qual_gap_atr"": 1.0, ""qual_range_ratio"": 2.0, ""qual_ret_z"": 2.5, ""qual_rvol"": 3.0, ""require_confirmation"": true, ""weights"": {}}",sha256:b1c3a9872ddc
31,1790033111.824658,2026-06-25,yahoo,8701,3110,"{""composite_threshold"": 2.0, ""empty_day_target"": 0.2, ""max_gap_days"": 3, ""max_picks"": 3, ""min_dollar_vol_ca"": 2000000.0, ""min_dollar_vol_us"": 5000000.0, ""min_price"": 1.0, ""min_qualifiers"": 2, ""min_sessions"": 250, ""one_per_sector"": true, ""qual_gap_atr"": 1.0, ""qual_range_ratio"": 2.0, ""qual_ret_z"": 2.5, ""qual_rvol"": 3.0, ""require_confirmation"": true, ""weights"": {}}",sha256:b1c3a9872ddc
32,1790033111.86446,2026-06-26,yahoo,8701,3120,"{""composite_threshold"": 2.0, ""empty_day_target"": 0.2, ""max_gap_days"": 3, ""max_picks"": 3, ""min_dollar_vol_ca"": 2000000.0, ""min_dollar_vol_us"": 5000000.0, ""min_price"": 1.0, ""min_qualifiers"": 2, ""min_sessions"": 250, ""one_per_sector"": true, ""qual_gap_atr"": 1.0, ""qual_range_ratio"": 2.0, ""qual_ret_z"": 2.5, ""qual_rvol"": 3.0, ""require_confirmation"": true, ""weights"": {}}",sha256:b1c3a9872ddc
33,1790033111.903762,2026-06-29,yahoo,8701,3129,"{""composite_threshold"": 2.0, ""empty_day_target"": 0.2, ""max_gap_days"": 3, ""max_picks"": 3, ""min_dollar_vol_ca"": 2000000.0, ""min_dollar_vol_us"": 5000000.0, ""min_price"": 1.0, ""min_qualifiers"": 2, ""min_sessions"": 250, ""one_per_sector"": true, ""qual_gap_atr"": 1.0, ""qual_range_ratio"": 2.0, ""qual_ret_z"": 2.5, ""qual_rvol"": 3.0, ""require_confirmation"": true, ""weights"": {}}",sha256:b1c3a9872ddc
34,1790033111.942292,2026-06-30,yahoo,8701,3127,"{""composite_threshold"": 2.0, ""empty_day_target"": 0.2, ""max_gap_days"": 3, ""max_picks"": 3, ""min_dollar_vol_ca"": 2000000.0, ""min_dollar_vol_us"": 5000000.0, ""min_price"": 1.0, ""min_qualifiers"": 2, ""min_sessions"": 250, ""one_per_sector"": true, ""qual_gap_atr"": 1.0, ""qual_range_ratio"": 2.0, ""qual_ret_z"": 2.5, ""qual_rvol"": 3.0, ""require_confirmation"": true, ""weights"": {}}",sha256:b1c3a9872ddc
35,1790033111.993088,2026-07-01,yahoo,8701,2841,"{""composite_threshold"": 2.0, ""empty_day_target"": 0.2, ""max_gap_days"": 3, ""max_picks"": 3, ""min_dollar_vol_ca"": 2000000.0, ""min_dollar_vol_us"": 5000000.0, ""min_price"": 1.0, ""min_qualifiers"": 2, ""min_sessions"": 250, ""one_per_sector"": true, ""qual_gap_atr"": 1.0, ""qual_range_ratio"": 2.0, ""qual_ret_z"": 2.5, ""qual_rvol"": 3.0, ""require_confirmation"": true, ""weights"": {}}",sha256:b1c3a9872ddc
36,1790033112.034716,2026-07-02,yahoo,8701,3134,"{""composite_threshold"": 2.0, ""empty_day_target"": 0.2, ""max_gap_days"": 3, ""max_picks"": 3, ""min_dollar_vol_ca"": 2000000.0, ""min_dollar_vol_us"": 5000000.0, ""min_price"": 1.0, ""min_qualifiers"": 2, ""min_sessions"": 250, ""one_per_sector"": true, ""qual_gap_atr"": 1.0, ""qual_range_ratio"": 2.0, ""qual_ret_z"": 2.5, ""qual_rvol"": 3.0, ""require_confirmation"": true, ""weights"": {}}",sha256:b1c3a9872ddc
37,1790033112.08078,2026-07-03,yahoo,8701,289,"{""composite_threshold"": 2.0, ""empty_day_target"": 0.2, ""max_gap_days"": 3, ""max_picks"": 3, ""min_dollar_vol_ca"": 2000000.0, ""min_dollar_vol_us"": 5000000.0, ""min_price"": 1.0, ""min_qualifiers"": 2, ""min_sessions"": 250, ""one_per_sector"": true, ""qual_gap_atr"": 1.0, ""qual_range_ratio"": 2.0, ""qual_ret_z"": 2.5, ""qual_rvol"": 3.0, ""require_confirmation"": true, ""weights"": {}}",sha256:b1c3a9872ddc
38,1790033112.096326,2026-07-06,yahoo,8701,288,"{""composite_threshold"": 2.0, ""empty_day_target"": 0.2, ""max_gap_days"": 3, ""max_picks"": 3, ""min_dollar_vol_ca"": 2000000.0, ""min_dollar_vol_us"": 5000000.0, ""min_price"": 1.0, ""min_qualifiers"": 2, ""min_sessions"": 250, ""one_per_sector"": true, ""qual_gap_atr"": 1.0, ""qual_range_ratio"": 2.0, ""qual_ret_z"": 2.5, ""qual_rvol"": 3.0, ""require_confirmation"": true, ""weights"": {}}",sha256:b1c3a9872ddc
39,1790033112.12671,2026-07-07,yahoo,8701,3127,"{""composite_threshold"": 2.0, ""empty_day_target"": 0.2, ""max_gap_days"": 3, ""max_picks"": 3, ""min_dollar_vol_ca"": 2000000.0, ""min_dollar_vol_us"": 5000000.0, ""min_price"": 1.0, ""min_qualifiers"": 2, ""min_sessions"": 250, ""one_per_sector"": true, ""qual_gap_atr"": 1.0, ""qual_range_ratio"": 2.0, ""qual_ret_z"": 2.5, ""qual_rvol"": 3.0, ""require_confirmation"": true, ""weights"": {}}",sha256:b1c3a9872ddc
40,1790033112.1704,2026-07-08,yahoo,8701,3134,"{""composite_threshold"": 2.0, ""empty_day_target"": 0.2, ""max_gap_days"": 3, ""max_picks"": 3, ""min_dollar_vol_ca"": 2000000.0, ""min_dollar_vol_us"": 5000000.0, ""min_price"": 1.0, ""min_qualifiers"": 2, ""min_sessions"": 250, ""one_per_sector"": true, ""qual_gap_atr"": 1.0, ""qual_range_ratio"": 2.0, ""qual_ret_z"": 2.5, ""qual_rvol"": 3.0, ""require_confirmation"": true, ""weights"": {}}",sha256:b1c3a9872ddc
41,1790033112.213992,2026-07-09,yahoo,8701,3125,"{""composite_threshold"": 2.0, ""empty_day_target"": 0.2, ""max_gap_days"": 3, ""max_picks"": 3, ""min_dollar_vol_ca"": 2000000.0, ""min_dollar_vol_us"": 5000000.0, ""min_price"": 1.0, ""min_qualifiers"": 2, ""min_sessions"": 250, ""one_per_sector"": true, ""qual_gap_atr"": 1.0, ""qual_range_ratio"": 2.0, ""qual_ret_z"": 2.5, ""qual_rvol"": 3.0, ""require_confirmation"": true, ""weights"": {}}",sha256:b1c3a9872ddc
42,1790033112.260679,2026-07-10,yahoo,8701,3122,"{""composite_threshold"": 2.0, ""empty_day_target"": 0.2, ""max_gap_days"": 3, ""max_picks"": 3, ""min_dollar_vol_ca"": 2000000.0, ""min_dollar_vol_us"": 5000000.0, ""min_price"": 1.0, ""min_qualifiers"": 2, ""min_sessions"": 250, ""one_per_sector"": true, ""qual_gap_atr"": 1.0, ""qual_range_ratio"": 2.0, ""qual_ret_z"": 2.5, ""qual_rvol"": 3.0, ""require_confirmation"": true, ""weights"": {}}",sha256:b1c3a9872ddc
43,1790033112.3059268,2026-07-13,yahoo,8701,3122,"{""composite_threshold"": 2.0, ""empty_day_target"": 0.2, ""max_gap_days"": 3, ""max_picks"": 3, ""min_dollar_vol_ca"": 2000000.0, ""min_dollar_vol_us"": 5000000.0, ""min_price"": 1.0, ""min_qualifiers"": 2, ""min_sessions"": 250, ""one_per_sector"": true, ""qual_gap_atr"": 1.0, ""qual_range_ratio"": 2.0, ""qual_ret_z"": 2.5, ""qual_rvol"": 3.0, ""require_confirmation"": true, ""weights"": {}}",sha256:b1c3a9872ddc
44,1790033112.351033,2026-07-14,yahoo,8701,3115,"{""composite_threshold"": 2.0, ""empty_day_target"": 0.2, ""max_gap_days"": 3, ""max_picks"": 3, ""min_dollar_vol_ca"": 2000000.0, ""min_dollar_vol_us"": 5000000.0, ""min_price"": 1.0, ""min_qualifiers"": 2, ""min_sessions"": 250, ""one_per_sector"": true, ""qual_gap_atr"": 1.0, ""qual_range_ratio"": 2.0, ""qual_ret_z"": 2.5, ""qual_rvol"": 3.0, ""require_confirmation"": true, ""weights"": {}}",sha256:b1c3a9872ddc
45,1790033112.3942242,2026-07-15,yahoo,8701,3113,"{""composite_threshold"": 2.0, ""empty_day_target"": 0.2, ""max_gap_days"": 3, ""max_picks"": 3, ""min_dollar_vol_ca"": 2000000.0, ""min_dollar_vol_us"": 5000000.0, ""min_price"": 1.0, ""min_qualifiers"": 2, ""min_sessions"": 250, ""one_per_sector"": true, ""qual_gap_atr"": 1.0, ""qual_range_ratio"": 2.0, ""qual_ret_z"": 2.5, ""qual_rvol"": 3.0, ""require_confirmation"": true, ""weights"": {}}",sha256:b1c3a9872ddc
46,1790033112.440553,2026-07-16,yahoo,8701,3117,"{""composite_threshold"": 2.0, ""empty_day_target"": 0.2, ""max_gap_days"": 3, ""max_picks"": 3, ""min_dollar_vol_ca"": 2000000.0, ""min_dollar_vol_us"": 5000000.0, ""min_price"": 1.0, ""min_qualifiers"": 2, ""min_sessions"": 250, ""one_per_sector"": true, ""qual_gap_atr"": 1.0, ""qual_range_ratio"": 2.0, ""qual_ret_z"": 2.5, ""qual_rvol"": 3.0, ""require_confirmation"": true, ""weights"": {}}",sha256:b1c3a9872ddc
47,1790033112.503106,2026-07-17,yahoo,8701,3106,"{""composite_threshold"": 2.0, ""empty_day_target"": 0.2, ""max_gap_days"": 3, ""max_picks"": 3, ""min_dollar_vol_ca"": 2000000.0, ""min_dollar_vol_us"": 5000000.0, ""min_price"": 1.0, ""min_qualifiers"": 2, ""min_sessions"": 250, ""one_per_sector"": true, ""qual_gap_atr"": 1.0, ""qual_range_ratio"": 2.0, ""qual_ret_z"": 2.5, ""qual_rvol"": 3.0, ""require_confirmation"": true, ""weights"": {}}",sha256:b1c3a9872ddc
48,1790033112.5489,2026-07-20,yahoo,8701,3094,"{""composite_threshold"": 2.0, ""empty_day_target"": 0.2, ""max_gap_days"": 3, ""max_picks"": 3, ""min_dollar_vol_ca"": 2000000.0, ""min_dollar_vol_us"": 5000000.0, ""min_price"": 1.0, ""min_qualifiers"": 2, ""min_sessions"": 250, ""one_per_sector"": true, ""qual_gap_atr"": 1.0, ""qual_range_ratio"": 2.0, ""qual_ret_z"": 2.5, ""qual_rvol"": 3.0, ""require_confirmation"": true, ""weights"": {}}",sha256:b1c3a9872ddc
49,1790033112.594421,2026-07-21,yahoo,8701,3087,"{""composite_threshold"": 2.0, ""empty_day_target"": 0.2, ""max_gap_days"": 3, ""max_picks"": 3, ""min_dollar_vol_ca"": 2000000.0, ""min_dollar_vol_us"": 5000000.0, ""min_price"": 1.0, ""min_qualifiers"": 2, ""min_sessions"": 250, ""one_per_sector"": true, ""qual_gap_atr"": 1.0, ""qual_range_ratio"": 2.0, ""qual_ret_z"": 2.5, ""qual_rvol"": 3.0, ""require_confirmation"": true, ""weights"": {}}",sha256:b1c3a9872ddc
50,1790033112.643359,2026-07-22,yahoo,8701,3076,"{""composite_threshold"": 2.0, ""empty_day_target"": 0.2, ""max_gap_days"": 3, ""max_picks"": 3, ""min_dollar_vol_ca"": 2000000.0, ""min_dollar_vol_us"": 5000000.0, ""min_price"": 1.0, ""min_qualifiers"": 2, ""min_sessions"": 250, ""one_per_sector"": true, ""qual_gap_atr"": 1.0, ""qual_range_ratio"": 2.0, ""qual_ret_z"": 2.5, ""qual_rvol"": 3.0, ""require_confirmation"": true, ""weights"": {}}",sha256:b1c3a9872ddc
51,1790033112.690681,2026-07-23,yahoo,8701,3070,"{""composite_threshold"": 2.0, ""empty_day_target"": 0.2, ""max_gap_days"": 3, ""max_picks"": 3, ""min_dollar_vol_ca"": 2000000.0, ""min_dollar_vol_us"": 5000000.0, ""min_price"": 1.0, ""min_qualifiers"": 2, ""min_sessions"": 250, ""one_per_sector"": true, ""qual_gap_atr"": 1.0, ""qual_range_ratio"": 2.0, ""qual_ret_z"": 2.5, ""qual_rvol"": 3.0, ""require_confirmation"": true, ""weights"": {}}",sha256:b1c3a9872ddc
52,1790033112.739792,2026-07-24,yahoo,8701,3058,"{""composite_threshold"": 2.0, ""empty_day_target"": 0.2, ""max_gap_days"": 3, ""max_picks"": 3, ""min_dollar_vol_ca"": 2000000.0, ""min_dollar_vol_us"": 5000000.0, ""min_price"": 1.0, ""min_qualifiers"": 2, ""min_sessions"": 250, ""one_per_sector"": true, ""qual_gap_atr"": 1.0, ""qual_range_ratio"": 2.0, ""qual_ret_z"": 2.5, ""qual_rvol"": 3.0, ""require_confirmation"": true, ""weights"": {}}",sha256:b1c3a9872ddc
53,1790033112.791104,2026-07-27,yahoo,8701,3050,"{""composite_threshold"": 2.0, ""empty_day_target"": 0.2, ""max_gap_days"": 3, ""max_picks"": 3, ""min_dollar_vol_ca"": 2000000.0, ""min_dollar_vol_us"": 5000000.0, ""min_price"": 1.0, ""min_qualifiers"": 2, ""min_sessions"": 250, ""one_per_sector"": true, ""qual_gap_atr"": 1.0, ""qual_range_ratio"": 2.0, ""qual_ret_z"": 2.5, ""qual_rvol"": 3.0, ""require_confirmation"": true, ""weights"": {}}",sha256:b1c3a9872ddc
54,1790033112.844243,2026-07-28,yahoo,8701,3044,"{""composite_threshold"": 2.0, ""empty_day_target"": 0.2, ""max_gap_days"": 3, ""max_picks"": 3, ""min_dollar_vol_ca"": 2000000.0, ""min_dollar_vol_us"": 5000000.0, ""min_price"": 1.0, ""min_qualifiers"": 2, ""min_sessions"": 250, ""one_per_sector"": true, ""qual_gap_atr"": 1.0, ""qual_range_ratio"": 2.0, ""qual_ret_z"": 2.5, ""qual_rvol"": 3.0, ""require_confirmation"": true, ""weights"": {}}",sha256:b1c3a9872ddc
55,1790033112.89696,2026-07-29,yahoo,8701,3045,"{""composite_threshold"": 2.0, ""empty_day_target"": 0.2, ""max_gap_days"": 3, ""max_picks"": 3, ""min_dollar_vol_ca"": 2000000.0, ""min_dollar_vol_us"": 5000000.0, ""min_price"": 1.0, ""min_qualifiers"": 2, ""min_sessions"": 250, ""one_per_sector"": true, ""qual_gap_atr"": 1.0, ""qual_range_ratio"": 2.0, ""qual_ret_z"": 2.5, ""qual_rvol"": 3.0, ""require_confirmation"": true, ""weights"": {}}",sha256:b1c3a9872ddc
56,1790033112.9512918,2026-07-30,yahoo,8701,3038,"{""composite_threshold"": 2.0, ""empty_day_target"": 0.2, ""max_gap_days"": 3, ""max_picks"": 3, ""min_dollar_vol_ca"": 2000000.0, ""min_dollar_vol_us"": 5000000.0, ""min_price"": 1.0, ""min_qualifiers"": 2, ""min_sessions"": 250, ""one_per_sector"": true, ""qual_gap_atr"": 1.0, ""qual_range_ratio"": 2.0, ""qual_ret_z"": 2.5, ""qual_rvol"": 3.0, ""require_confirmation"": true, ""weights"": {}}",sha256:b1c3a9872ddc
57,1790033113.010665,2026-07-31,yahoo,8701,3033,"{""composite_threshold"": 2.0, ""empty_day_target"": 0.2, ""max_gap_days"": 3, ""max_picks"": 3, ""min_dollar_vol_ca"": 2000000.0, ""min_dollar_vol_us"": 5000000.0, ""min_price"": 1.0, ""min_qualifiers"": 2, ""min_sessions"": 250, ""one_per_sector"": true, ""qual_gap_atr"": 1.0, ""qual_range_ratio"": 2.0, ""qual_ret_z"": 2.5, ""qual_rvol"": 3.0, ""require_confirmation"": true, ""weights"": {}}",sha256:b1c3a9872ddc
58,1790033113.073233,2026-08-03,yahoo,8701,2751,"{""composite_threshold"": 2.0, ""empty_day_target"": 0.2, ""max_gap_days"": 3, ""max_picks"": 3, ""min_dollar_vol_ca"": 2000000.0, ""min_dollar_vol_us"": 5000000.0, ""min_price"": 1.0, ""min_qualifiers"": 2, ""min_sessions"": 250, ""one_per_sector"": true, ""qual_gap_atr"": 1.0, ""qual_range_ratio"": 2.0, ""qual_ret_z"": 2.5, ""qual_rvol"": 3.0, ""require_confirmation"": true, ""weights"": {}}",sha256:b1c3a9872ddc
59,1790033113.123698,2026-08-04,yahoo,8701,2747,"{""composite_threshold"": 2.0, ""empty_day_target"": 0.2, ""max_gap_days"": 3, ""max_picks"": 3, ""min_dollar_vol_ca"": 2000000.0, ""min_dollar_vol_us"": 5000000.0, ""min_price"": 1.0, ""min_qualifiers"": 2, ""min_sessions"": 250, ""one_per_sector"": true, ""qual_gap_atr"": 1.0, ""qual_range_ratio"": 2.0, ""qual_ret_z"": 2.5, ""qual_rvol"": 3.0, ""require_confirmation"": true, ""weights"": {}}",sha256:b1c3a9872ddc
60,1790033113.175456,2026-08-05,yahoo,8701,3033,"{""composite_threshold"": 2.0, ""empty_day_target"": 0.2, ""max_gap_days"": 3, ""max_picks"": 3, ""min_dollar_vol_ca"": 2000000.0, ""min_dollar_vol_us"": 5000000.0, ""min_price"": 1.0, ""min_qualifiers"": 2, ""min_sessions"": 250, ""one_per_sector"": true, ""qual_gap_atr"": 1.0, ""qual_range_ratio"": 2.0, ""qual_ret_z"": 2.5, ""qual_rvol"": 3.0, ""require_confirmation"": true, ""weights"": {}}",sha256:b1c3a9872ddc
61,1790033113.239049,2026-08-06,yahoo,8701,3041,"{""composite_threshold"": 2.0, ""empty_day_target"": 0.2, ""max_gap_days"": 3, ""max_picks"": 3, ""min_dollar_vol_ca"": 2000000.0, ""min_dollar_vol_us"": 5000000.0, ""min_price"": 1.0, ""min_qualifiers"": 2, ""min_sessions"": 250, ""one_per_sector"": true, ""qual_gap_atr"": 1.0, ""qual_range_ratio"": 2.0, ""qual_ret_z"": 2.5, ""qual_rvol"": 3.0, ""require_confirmation"": true, ""weights"": {}}",sha256:b1c3a9872ddc
62,1790033113.292469,2026-08-07,yahoo,8701,3048,"{""composite_threshold"": 2.0, ""empty_day_target"": 0.2, ""max_gap_days"": 3, ""max_picks"": 3, ""min_dollar_vol_ca"": 2000000.0, ""min_dollar_vol_us"": 5000000.0, ""min_price"": 1.0, ""min_qualifiers"": 2, ""min_sessions"": 250, ""one_per_sector"": true, ""qual_gap_atr"": 1.0, ""qual_range_ratio"": 2.0, ""qual_ret_z"": 2.5, ""qual_rvol"": 3.0, ""require_confirmation"": true, ""weights"": {}}",sha256:b1c3a9872ddc
63,1790033113.345868,2026-08-10,yahoo,8701,3052,"{""composite_threshold"": 2.0, ""empty_day_target"": 0.2, ""max_gap_days"": 3, ""max_picks"": 3, ""min_dollar_vol_ca"": 2000000.0, ""min_dollar_vol_us"": 5000000.0, ""min_price"": 1.0, ""min_qualifiers"": 2, ""min_sessions"": 250, ""one_per_sector"": true, ""qual_gap_atr"": 1.0, ""qual_range_ratio"": 2.0, ""qual_ret_z"": 2.5, ""qual_rvol"": 3.0, ""require_confirmation"": true, ""weights"": {}}",sha256:b1c3a9872ddc
64,1790033113.40429,2026-08-11,yahoo,8701,3052,"{""composite_threshold"": 2.0, ""empty_day_target"": 0.2, ""max_gap_days"": 3, ""max_picks"": 3, ""min_dollar_vol_ca"": 2000000.0, ""min_dollar_vol_us"": 5000000.0, ""min_price"": 1.0, ""min_qualifiers"": 2, ""min_sessions"": 250, ""one_per_sector"": true, ""qual_gap_atr"": 1.0, ""qual_range_ratio"": 2.0, ""qual_ret_z"": 2.5, ""qual_rvol"": 3.0, ""require_confirmation"": true, ""weights"": {}}",sha256:b1c3a9872ddc
65,1790033113.459397,2026-08-12,yahoo,8701,3055,"{""composite_threshold"": 2.0, ""empty_day_target"": 0.2, ""max_gap_days"": 3, ""max_picks"": 3, ""min_dollar_vol_ca"": 2000000.0, ""min_dollar_vol_us"": 5000000.0, ""min_price"": 1.0, ""min_qualifiers"": 2, ""min_sessions"": 250, ""one_per_sector"": true, ""qual_gap_atr"": 1.0, ""qual_range_ratio"": 2.0, ""qual_ret_z"": 2.5, ""qual_rvol"": 3.0, ""require_confirmation"": true, ""weights"": {}}",sha256:b1c3a9872ddc
66,1790033113.5170822,2026-08-13,yahoo,8701,3053,"{""composite_threshold"": 2.0, ""empty_day_target"": 0.2, ""max_gap_days"": 3, ""max_picks"": 3, ""min_dollar_vol_ca"": 2000000.0, ""min_dollar_vol_us"": 5000000.0, ""min_price"": 1.0, ""min_qualifiers"": 2, ""min_sessions"": 250, ""one_per_sector"": true, ""qual_gap_atr"": 1.0, ""qual_range_ratio"": 2.0, ""qual_ret_z"": 2.5, ""qual_rvol"": 3.0, ""require_confirmation"": true, ""weights"": {}}",sha256:b1c3a9872ddc
67,1790033113.572436,2026-08-14,yahoo,8701,3048,"{""composite_threshold"": 2.0, ""empty_day_target"": 0.2, ""max_gap_days"": 3, ""max_picks"": 3, ""min_dollar_vol_ca"": 2000000.0, ""min_dollar_vol_us"": 5000000.0, ""min_price"": 1.0, ""min_qualifiers"": 2, ""min_sessions"": 250, ""one_per_sector"": true, ""qual_gap_atr"": 1.0, ""qual_range_ratio"": 2.0, ""qual_ret_z"": 2.5, ""qual_rvol"": 3.0, ""require_confirmation"": true, ""weights"": {}}",sha256:b1c3a9872ddc
68,1790033113.632565,2026-08-17,yahoo,8701,3060,"{""composite_threshold"": 2.0, ""empty_day_target"": 0.2, ""max_gap_days"": 3, ""max_picks"": 3, ""min_dollar_vol_ca"": 2000000.0, ""min_dollar_vol_us"": 5000000.0, ""min_price"": 1.0, ""min_qualifiers"": 2, ""min_sessions"": 250, ""one_per_sector"": true, ""qual_gap_atr"": 1.0, ""qual_range_ratio"": 2.0, ""qual_ret_z"": 2.5, ""qual_rvol"": 3.0, ""require_confirmation"": true, ""weights"": {}}",sha256:b1c3a9872ddc
69,1790033113.69102,2026-08-18,yahoo,8701,3063,"{""composite_threshold"": 2.0, ""empty_day_target"": 0.2, ""max_gap_days"": 3, ""max_picks"": 3, ""min_dollar_vol_ca"": 2000000.0, ""min_dollar_vol_us"": 5000000.0, ""min_price"": 1.0, ""min_qualifiers"": 2, ""min_sessions"": 250, ""one_per_sector"": true, ""qual_gap_atr"": 1.0, ""qual_range_ratio"": 2.0, ""qual_ret_z"": 2.5, ""qual_rvol"": 3.0, ""require_confirmation"": true, ""weights"": {}}",sha256:b1c3a9872ddc
70,1790033113.750458,2026-08-19,yahoo,8701,3070,"{""composite_threshold"": 2.0, ""empty_day_target"": 0.2, ""max_gap_days"": 3, ""max_picks"": 3, ""min_dollar_vol_ca"": 2000000.0, ""min_dollar_vol_us"": 5000000.0, ""min_price"": 1.0, ""min_qualifiers"": 2, ""min_sessions"": 250, ""one_per_sector"": true, ""qual_gap_atr"": 1.0, ""qual_range_ratio"": 2.0, ""qual_ret_z"": 2.5, ""qual_rvol"": 3.0, ""require_confirmation"": true, ""weights"": {}}",sha256:b1c3a9872ddc
71,1790033113.810188,2026-08-20,yahoo,8701,3083,"{""composite_threshold"": 2.0, ""empty_day_target"": 0.2, ""max_gap_days"": 3, ""max_picks"": 3, ""min_dollar_vol_ca"": 2000000.0, ""min_dollar_vol_us"": 5000000.0, ""min_price"": 1.0, ""min_qualifiers"": 2, ""min_sessions"": 250, ""one_per_sector"": true, ""qual_gap_atr"": 1.0, ""qual_range_ratio"": 2.0, ""qual_ret_z"": 2.5, ""qual_rvol"": 3.0, ""require_confirmation"": true, ""weights"": {}}",sha256:b1c3a9872ddc
72,1790033113.8704362,2026-08-21,yahoo,8701,3095,"{""composite_threshold"": 2.0, ""empty_day_target"": 0.2, ""max_gap_days"": 3, ""max_picks"": 3, ""min_dollar_vol_ca"": 2000000.0, ""min_dollar_vol_us"": 5000000.0, ""min_price"": 1.0, ""min_qualifiers"": 2, ""min_sessions"": 250, ""one_per_sector"": true, ""qual_gap_atr"": 1.0, ""qual_range_ratio"": 2.0, ""qual_ret_z"": 2.5, ""qual_rvol"": 3.0, ""require_confirmation"": true, ""weights"": {}}",sha256:b1c3a9872ddc
73,1790033113.930955,2026-08-24,yahoo,8701,3099,"{""composite_threshold"": 2.0, ""empty_day_target"": 0.2, ""max_gap_days"": 3, ""max_picks"": 3, ""min_dollar_vol_ca"": 2000000.0, ""min_dollar_vol_us"": 5000000.0, ""min_price"": 1.0, ""min_qualifiers"": 2, ""min_sessions"": 250, ""one_per_sector"": true, ""qual_gap_atr"": 1.0, ""qual_range_ratio"": 2.0, ""qual_ret_z"": 2.5, ""qual_rvol"": 3.0, ""require_confirmation"": true, ""weights"": {}}",sha256:b1c3a9872ddc
74,1790033114.0011048,2026-08-25,yahoo,8701,3099,"{""composite_threshold"": 2.0, ""empty_day_target"": 0.2, ""max_gap_days"": 3, ""max_picks"": 3, ""min_dollar_vol_ca"": 2000000.0, ""min_dollar_vol_us"": 5000000.0, ""min_price"": 1.0, ""min_qualifiers"": 2, ""min_sessions"": 250, ""one_per_sector"": true, ""qual_gap_atr"": 1.0, ""qual_range_ratio"": 2.0, ""qual_ret_z"": 2.5, ""qual_rvol"": 3.0, ""require_confirmation"": true, ""weights"": {}}",sha256:b1c3a9872ddc
75,1790033114.0651362,2026-08-26,yahoo,8701,3093,"{""composite_threshold"": 2.0, ""empty_day_target"": 0.2, ""max_gap_days"": 3, ""max_picks"": 3, ""min_dollar_vol_ca"": 2000000.0, ""min_dollar_vol_us"": 5000000.0, ""min_price"": 1.0, ""min_qualifiers"": 2, ""min_sessions"": 250, ""one_per_sector"": true, ""qual_gap_atr"": 1.0, ""qual_range_ratio"": 2.0, ""qual_ret_z"": 2.5, ""qual_rvol"": 3.0, ""require_confirmation"": true, ""weights"": {}}",sha256:b1c3a9872ddc
76,1790033114.1291368,2026-08-27,yahoo,8701,3088,"{""composite_threshold"": 2.0, ""empty_day_target"": 0.2, ""max_gap_days"": 3, ""max_picks"": 3, ""min_dollar_vol_ca"": 2000000.0, ""min_dollar_vol_us"": 5000000.0, ""min_price"": 1.0, ""min_qualifiers"": 2, ""min_sessions"": 250, ""one_per_sector"": true, ""qual_gap_atr"": 1.0, ""qual_range_ratio"": 2.0, ""qual_ret_z"": 2.5, ""qual_rvol"": 3.0, ""require_confirmation"": true, ""weights"": {}}",sha256:b1c3a9872ddc
77,1790033114.192329,2026-08-28,yahoo,8701,3086,"{""composite_threshold"": 2.0, ""empty_day_target"": 0.2, ""max_gap_days"": 3, ""max_picks"": 3, ""min_dollar_vol_ca"": 2000000.0, ""min_dollar_vol_us"": 5000000.0, ""min_price"": 1.0, ""min_qualifiers"": 2, ""min_sessions"": 250, ""one_per_sector"": true, ""qual_gap_atr"": 1.0, ""qual_range_ratio"": 2.0, ""qual_ret_z"": 2.5, ""qual_rvol"": 3.0, ""require_confirmation"": true, ""weights"": {}}",sha256:b1c3a9872ddc
78,1790033114.2561018,2026-08-31,yahoo,8701,3091,"{""composite_threshold"": 2.0, ""empty_day_target"": 0.2, ""max_gap_days"": 3, ""max_picks"": 3, ""min_dollar_vol_ca"": 2000000.0, ""min_dollar_vol_us"": 5000000.0, ""min_price"": 1.0, ""min_qualifiers"": 2, ""min_sessions"": 250, ""one_per_sector"": true, ""qual_gap_atr"": 1.0, ""qual_range_ratio"": 2.0, ""qual_ret_z"": 2.5, ""qual_rvol"": 3.0, ""require_confirmation"": true, ""weights"": {}}",sha256:b1c3a9872ddc
79,1790033114.318999,2026-09-01,yahoo,8701,3091,"{""composite_threshold"": 2.0, ""empty_day_target"": 0.2, ""max_gap_days"": 3, ""max_picks"": 3, ""min_dollar_vol_ca"": 2000000.0, ""min_dollar_vol_us"": 5000000.0, ""min_price"": 1.0, ""min_qualifiers"": 2, ""min_sessions"": 250, ""one_per_sector"": true, ""qual_gap_atr"": 1.0, ""qual_range_ratio"": 2.0, ""qual_ret_z"": 2.5, ""qual_rvol"": 3.0, ""require_confirmation"": true, ""weights"": {}}",sha256:b1c3a9872ddc
80,1790033114.383352,2026-09-02,yahoo,8701,3088,"{""composite_threshold"": 2.0, ""empty_day_target"": 0.2, ""max_gap_days"": 3, ""max_picks"": 3, ""min_dollar_vol_ca"": 2000000.0, ""min_dollar_vol_us"": 5000000.0, ""min_price"": 1.0, ""min_qualifiers"": 2, ""min_sessions"": 250, ""one_per_sector"": true, ""qual_gap_atr"": 1.0, ""qual_range_ratio"": 2.0, ""qual_ret_z"": 2.5, ""qual_rvol"": 3.0, ""require_confirmation"": true, ""weights"": {}}",sha256:b1c3a9872ddc
81,1790033114.448249,2026-09-03,yahoo,8701,3090,"{""composite_threshold"": 2.0, ""empty_day_target"": 0.2, ""max_gap_days"": 3, ""max_picks"": 3, ""min_dollar_vol_ca"": 2000000.0, ""min_dollar_vol_us"": 5000000.0, ""min_price"": 1.0, ""min_qualifiers"": 2, ""min_sessions"": 250, ""one_per_sector"": true, ""qual_gap_atr"": 1.0, ""qual_range_ratio"": 2.0, ""qual_ret_z"": 2.5, ""qual_rvol"": 3.0, ""require_confirmation"": true, ""weights"": {}}",sha256:b1c3a9872ddc
82,1790033114.5139358,2026-09-04,yahoo,8701,3083,"{""composite_threshold"": 2.0, ""empty_day_target"": 0.2, ""max_gap_days"": 3, ""max_picks"": 3, ""min_dollar_vol_ca"": 2000000.0, ""min_dollar_vol_us"": 5000000.0, ""min_price"": 1.0, ""min_qualifiers"": 2, ""min_sessions"": 250, ""one_per_sector"": true, ""qual_gap_atr"": 1.0, ""qual_range_ratio"": 2.0, ""qual_ret_z"": 2.5, ""qual_rvol"": 3.0, ""require_confirmation"": true, ""weights"": {}}",sha256:b1c3a9872ddc
83,1790033114.580262,2026-09-09,yahoo,8701,3070,"{""composite_threshold"": 2.0, ""empty_day_target"": 0.2, ""max_gap_days"": 3, ""max_picks"": 3, ""min_dollar_vol_ca"": 2000000.0, ""min_dollar_vol_us"": 5000000.0, ""min_price"": 1.0, ""min_qualifiers"": 2, ""min_sessions"": 250, ""one_per_sector"": true, ""qual_gap_atr"": 1.0, ""qual_range_ratio"": 2.0, ""qual_ret_z"": 2.5, ""qual_rvol"": 3.0, ""require_confirmation"": true, ""weights"": {}}",sha256:b1c3a9872ddc
84,1790033114.647563,2026-09-10,yahoo,8701,3069,"{""composite_threshold"": 2.0, ""empty_day_target"": 0.2, ""max_gap_days"": 3, ""max_picks"": 3, ""min_dollar_vol_ca"": 2000000.0, ""min_dollar_vol_us"": 5000000.0, ""min_price"": 1.0, ""min_qualifiers"": 2, ""min_sessions"": 250, ""one_per_sector"": true, ""qual_gap_atr"": 1.0, ""qual_range_ratio"": 2.0, ""qual_ret_z"": 2.5, ""qual_rvol"": 3.0, ""require_confirmation"": true, ""weights"": {}}",sha256:b1c3a9872ddc
85,1790033114.713815,2026-09-11,yahoo,8701,3066,"{""composite_threshold"": 2.0, ""empty_day_target"": 0.2, ""max_gap_days"": 3, ""max_picks"": 3, ""min_dollar_vol_ca"": 2000000.0, ""min_dollar_vol_us"": 5000000.0, ""min_price"": 1.0, ""min_qualifiers"": 2, ""min_sessions"": 250, ""one_per_sector"": true, ""qual_gap_atr"": 1.0, ""qual_range_ratio"": 2.0, ""qual_ret_z"": 2.5, ""qual_rvol"": 3.0, ""require_confirmation"": true, ""weights"": {}}",sha256:b1c3a9872ddc
86,1790033114.781745,2026-09-14,yahoo,8701,3072,"{""composite_threshold"": 2.0, ""empty_day_target"": 0.2, ""max_gap_days"": 3, ""max_picks"": 3, ""min_dollar_vol_ca"": 2000000.0, ""min_dollar_vol_us"": 5000000.0, ""min_price"": 1.0, ""min_qualifiers"": 2, ""min_sessions"": 250, ""one_per_sector"": true, ""qual_gap_atr"": 1.0, ""qual_range_ratio"": 2.0, ""qual_ret_z"": 2.5, ""qual_rvol"": 3.0, ""require_confirmation"": true, ""weights"": {}}",sha256:b1c3a9872ddc
87,1790033114.8539782,2026-09-15,yahoo,8701,3075,"{""composite_threshold"": 2.0, ""empty_day_target"": 0.2, ""max_gap_days"": 3, ""max_picks"": 3, ""min_dollar_vol_ca"": 2000000.0, ""min_dollar_vol_us"": 5000000.0, ""min_price"": 1.0, ""min_qualifiers"": 2, ""min_sessions"": 250, ""one_per_sector"": true, ""qual_gap_atr"": 1.0, ""qual_range_ratio"": 2.0, ""qual_ret_z"": 2.5, ""qual_rvol"": 3.0, ""require_confirmation"": true, ""weights"": {}}",sha256:b1c3a9872ddc
88,1790033114.920759,2026-09-16,yahoo,8701,3085,"{""composite_threshold"": 2.0, ""empty_day_target"": 0.2, ""max_gap_days"": 3, ""max_picks"": 3, ""min_dollar_vol_ca"": 2000000.0, ""min_dollar_vol_us"": 5000000.0, ""min_price"": 1.0, ""min_qualifiers"": 2, ""min_sessions"": 250, ""one_per_sector"": true, ""qual_gap_atr"": 1.0, ""qual_range_ratio"": 2.0, ""qual_ret_z"": 2.5, ""qual_rvol"": 3.0, ""require_confirmation"": true, ""weights"": {}}",sha256:b1c3a9872ddc
89,1790033114.989063,2026-09-17,yahoo,8701,3079,"{""composite_threshold"": 2.0, ""empty_day_target"": 0.2, ""max_gap_days"": 3, ""max_picks"": 3, ""min_dollar_vol_ca"": 2000000.0, ""min_dollar_vol_us"": 5000000.0, ""min_price"": 1.0, ""min_qualifiers"": 2, ""min_sessions"": 250, ""one_per_sector"": true, ""qual_gap_atr"": 1.0, ""qual_range_ratio"": 2.0, ""qual_ret_z"": 2.5, ""qual_rvol"": 3.0, ""require_confirmation"": true, ""weights"": {}}",sha256:b1c3a9872ddc
90,1790033115.058882,2026-09-18,yahoo,8701,3096,"{""composite_threshold"": 2.0, ""empty_day_target"": 0.2, ""max_gap_days"": 3, ""max_picks"": 3, ""min_dollar_vol_ca"": 2000000.0, ""min_dollar_vol_us"": 5000000.0, ""min_price"": 1.0, ""min_qualifiers"": 2, ""min_sessions"": 250, ""one_per_sector"": true, ""qual_gap_atr"": 1.0, ""qual_range_ratio"": 2.0, ""qual_ret_z"": 2.5, ""qual_rvol"": 3.0, ""require_confirmation"": true, ""weights"": {}}",sha256:b1c3a9872ddc
91,1790033115.1431491,2026-09-21,yahoo,8701,3094,"{""composite_threshold"": 2.0, ""empty_day_target"": 0.2, ""max_gap_days"": 3, ""max_picks"": 3, ""min_dollar_vol_ca"": 2000000.0, ""min_dollar_vol_us"": 5000000.0, ""min_price"": 1.0, ""min_qualifiers"": 2, ""min_sessions"": 250, ""one_per_sector"": true, ""qual_gap_atr"": 1.0, ""qual_range_ratio"": 2.0, ""qual_ret_z"": 2.5, ""qual_rvol"": 3.0, ""require_confirmation"": true, ""weights"": {}}",sha256:b1c3a9872ddc
92,1790035533.8092947,2026-09-21,yahoo,8700,1076,"{""composite_threshold"": 2.0, ""empty_day_target"": 0.2, ""max_gap_days"": 3, ""max_picks"": 3, ""min_dollar_vol_ca"": 2000000.0, ""min_dollar_vol_us"": 5000000.0, ""min_price"": 1.0, ""min_qualifiers"": 2, ""min_sessions"": 250, ""one_per_sector"": true, ""qual_gap_atr"": 1.0, ""qual_range_ratio"": 2.0, ""qual_ret_z"": 2.5, ""qual_rvol"": 3.0, ""qualifier_floor_frac"": 0.5, ""qualifier_lookback"": 60, ""qualifier_mode"": ""scaled"", ""require_confirmation"": true, ""target_qualifiers"": 5, ""weights"": {}}",sha256:5a94912cf051
93,1790038488.0895553,2026-09-21,yahoo,8700,330,"{""composite_threshold"": 2.0, ""empty_day_target"": 0.2, ""max_gap_days"": 3, ""max_picks"": 3, ""min_dollar_vol_ca"": 2000000.0, ""min_dollar_vol_us"": 5000000.0, ""min_price"": 1.0, ""min_qualifiers"": 2, ""min_sessions"": 250, ""one_per_sector"": true, ""qual_gap_atr"": 1.0, ""qual_range_ratio"": 2.0, ""qual_ret_z"": 2.5, ""qual_rvol"": 3.0, ""qualifier_floor_frac"": 0.5, ""qualifier_lookback"": 60, ""qualifier_mode"": ""scaled"", ""require_confirmation"": true, ""target_qualifiers"": 5, ""weights"": {}}",sha256:677e10404be0
1790041226007403,1790041226.0070586,2026-09-21,yahoo,8700,2660,"{""composite_threshold"": 2.0, ""empty_day_target"": 0.2, ""max_atr_frac"": 0.5, ""max_gap_days"": 3, ""max_picks"": 3, ""min_atr_frac"": 0.005, ""min_dollar_vol_ca"": 2000000.0, ""min_dollar_vol_us"": 5000000.0, ""min_price"": 1.0, ""min_qualifiers"": 2, ""min_sessions"": 250, ""one_per_sector"": true, ""qual_gap_atr"": 1.0, ""qual_range_ratio"": 2.0, ""qual_ret_z"": 2.5, ""qual_rvol"": 3.0, ""qualifier_ceil_frac"": 2.0, ""qualifier_floor_frac"": 0.5, ""qualifier_lookback"": 60, ""qualifier_mode"": ""scaled"", ""require_confirmation"": true, ""target_qualifiers"": 5, ""weights"": {}}",sha256:d00333560e70
1790072620566692,1790072620.566343,2026-09-21,yahoo,8695,3066,"{""composite_threshold"": 2.0, ""empty_day_target"": 0.2, ""max_atr_frac"": 0.5, ""max_gap_days"": 3, ""max_picks"": 3, ""min_atr_frac"": 0.005, ""min_dollar_vol_ca"": 2000000.0, ""min_dollar_vol_us"": 5000000.0, ""min_price"": 1.0, ""min_qualifiers"": 2, ""min_sessions"": 250, ""one_per_sector"": true, ""qual_gap_atr"": 1.0, ""qual_range_ratio"": 2.0, ""qual_ret_z"": 2.5, ""qual_rvol"": 3.0, ""qualifier_ceil_frac"": 2.0, ""qualifier_floor_frac"": 0.5, ""qualifier_lookback"": 60, ""qualifier_mode"": ""scaled"", ""require_confirmation"": true, ""target_qualifiers"": 5, ""weights"": {}}",sha256:d00333560e70
