run_id,as_of_date,rank,ticker,market,sector,side,composite_z,score_pct,n_qualifiers,close,atr14,rvol,ret_z,range_ratio,gap_atr,drivers,flags,thr_rvol,thr_ret_z,thr_range_ratio,thr_gap_atr,ceiling_z,n_market
1,2026-09-18,3,ESRT,US,Real Estate & REITs,short,3.023,99.9,2,3.930000066757202,0.1541,4.2306,-2.0476,1.4921,-0.3244,"structure +2.1z, confirmation +2.0z, displacement +1.7z",,,,,,,
1,2026-09-18,2,GEMI,US,Capital Markets,long,3.271,100.0,3,5.809999942779541,0.4677,7.313,4.6417,3.0574,0.2993,"confirmation +2.4z, relstrength +2.1z, displacement +2.1z",,,,,,,
1,2026-09-18,1,XENE,US,Pharma & Biotech,short,3.569,100.0,4,39.75,2.7575,29.9592,-6.6066,6.6256,-4.8341,"displacement +3.5z, confirmation +2.4z, relstrength +2.1z",,,,,,,
2,2026-05-15,3,BDT.TO,CA,Constr Contract/Serv,long,2.934,100.0,2,58.09208679199219,2.9004,2.2081,4.9051,2.4955,0.3124,"displacement +2.2z, structure +2.0z, volume +1.4z",,,,,,,
2,2026-05-15,2,DLO,US,Commercial & Professional Services,short,2.936,99.9,4,10.827908515930176,0.6552,5.2928,-3.8767,2.5292,-1.1408,"displacement +2.4z, confirmation +2.3z, volume +2.1z",,,,,,,
2,2026-05-15,1,TRT,US,Semiconductors,long,3.262,100.0,3,20.049999237060547,2.6829,5.1831,3.2508,2.7433,0.328,"relstrength +2.7z, confirmation +2.2z, displacement +2.1z",,,,,,,
3,2026-05-18,3,BRC,US,Retail & Consumer Services,long,3.014,99.9,4,84.19812774658203,3.105,3.5322,6.3718,4.3262,1.9399,"displacement +2.8z, confirmation +2.3z, range +2.3z",,,,,,,
3,2026-05-18,2,CMPR,US,Media & Telecom,long,3.115,99.9,2,102.87999725341795,5.0471,2.8541,3.4746,2.1022,0.0376,"structure +2.2z, confirmation +2.2z, volume +1.9z",,,,,,,
3,2026-05-18,1,GCTS,US,Semiconductors,long,3.562,100.0,3,2.5799999237060547,0.2621,17.7585,5.0448,3.2434,0.8776,"volume +2.6z, confirmation +2.6z, relstrength +2.5z",,,,,,,
4,2026-05-19,1,CMBT,US,Transportation & Logistics,long,3.562,100.0,4,15.930742263793944,0.5524,4.8616,3.7787,3.4983,1.6319,"displacement +2.7z, volume +2.2z, structure +2.1z",,,,,,,
4,2026-05-19,3,GCTS,US,Semiconductors,long,3.115,99.9,3,2.799999952316284,0.3112,4.1092,1.0431,2.3714,-1.1889,"relstrength +2.6z, confirmation +2.2z, structure +2.0z",,,,,,,
4,2026-05-19,2,REPX,US,"Oil, Gas & Coal",long,3.262,100.0,2,40.71017837524414,1.7224,2.4118,2.6478,2.1909,0.1663,"structure +2.0z, confirmation +2.0z, displacement +1.8z",,,,,,,
5,2026-05-20,1,IMVT,US,Pharma & Biotech,long,3.563,100.0,4,35.560001373291016,2.0288,15.6264,6.4276,4.9266,2.0456,"displacement +3.0z, volume +2.6z, confirmation +2.6z",,,,,,,
5,2026-05-20,2,LPG,US,Transportation & Logistics,long,3.263,100.0,4,46.66704177856445,1.664,3.673,4.1367,3.4087,1.9277,"displacement +2.7z, structure +2.2z, volume +2.2z",,,,,,,
5,2026-05-20,3,TE,US,Semiconductors,long,3.015,99.9,3,8.699999809265137,0.7899,6.956,3.2466,3.2155,0.4684,"volume +2.3z, relstrength +2.2z, displacement +2.0z",,,,,,,
6,2026-05-21,3,FCEL,US,Industrials & Machinery,long,2.777,99.7,2,26.3799991607666,3.1479,1.8595,3.2192,2.2746,-0.0985,"relstrength +2.3z, structure +2.0z, volume +1.7z",,,,,,,
6,2026-05-21,2,GCTS,US,Semiconductors,long,3.264,100.0,3,3.450000047683716,0.3959,4.4106,2.9838,2.3999,-0.0505,"relstrength +2.8z, confirmation +2.2z, range +2.1z",,,,,,,
6,2026-05-21,1,INTU,US,Software & IT Services,short,3.564,100.0,4,305.7157897949219,23.5066,9.3912,-5.0145,3.4548,-3.0342,"displacement +3.2z, volume +2.3z, confirmation +2.1z",,,,,,,
7,2026-05-22,2,HLIT,US,Tech Hardware,long,3.264,100.0,4,15.199999809265137,0.9029,6.8686,5.3539,2.8354,1.7722,"displacement +2.7z, confirmation +2.5z, volume +2.3z",,,,,,,
7,2026-05-22,3,LION,US,Media & Telecom,long,2.939,99.9,4,14.949999809265137,0.5957,3.2508,4.0651,3.4748,1.0911,"displacement +2.4z, structure +2.3z, confirmation +2.2z",,,,,,,
7,2026-05-22,1,TIGR,US,Capital Markets,short,3.564,100.0,4,4.360000133514404,0.3964,28.438,-5.5898,4.6414,-4.6288,"displacement +3.3z, volume +2.7z, relstrength +2.1z",,,,,,,
9,2026-05-26,1,BEP-UN.TO,CA,Limited Partnership,long,2.389,99.3,2,50.15222930908203,1.2881,2.0215,2.5896,2.0387,0.336,"structure +1.8z, displacement +1.6z, volume +1.3z",,,,,,,
9,2026-05-26,2,SPB.TO,CA,Investment Company,long,2.084,98.3,2,8.272122383117676,0.2322,2.0477,2.7625,2.3976,0.0,"structure +1.9z, confirmation +1.3z, volume +1.1z",,,,,,,
10,2026-05-27,3,CRSR,US,Tech Hardware,long,3.118,99.9,4,9.81999969482422,0.5933,9.0079,4.8358,3.0508,1.1462,"confirmation +2.5z, displacement +2.5z, volume +2.3z",,,,,,,
10,2026-05-27,1,VRRM,US,Transportation & Logistics,short,3.565,100.0,4,3.849999904632568,1.2436,43.7137,-7.6713,7.784,-6.0873,"displacement +3.6z, relstrength +2.9z, range +2.6z",,,,,,,
10,2026-05-27,2,ZS,US,Software & IT Services,short,3.266,100.0,4,126.41000366210938,13.262,10.1918,-5.6881,4.4443,-3.5771,"displacement +3.4z, confirmation +2.5z, range +2.4z",,,,,,,
11,2026-05-28,1,PLAB,US,Semiconductors,short,3.566,100.0,4,34.02000045776367,4.2236,14.1103,-5.7742,4.6193,-3.954,"displacement +3.3z, confirmation +2.7z, volume +2.5z",,,,,,,
11,2026-05-28,3,SNOW,US,Software & IT Services,long,3.119,99.9,4,239.1999969482422,12.3931,5.381,6.0076,5.6209,4.9818,"displacement +3.0z, range +2.5z, volume +2.3z",,,,,,,
11,2026-05-28,2,UMAC,US,Tech Hardware,long,3.267,100.0,4,29.600000381469727,2.6164,12.2489,5.4306,5.0336,2.3582,"displacement +2.7z, volume +2.5z, relstrength +2.4z",,,,,,,
12,2026-05-29,1,DELL,US,Tech Hardware,long,3.566,100.0,4,420.2156066894531,23.9668,7.3556,5.6222,4.6696,4.2051,"displacement +3.0z, range +2.4z, relstrength +2.3z",,,,,,,
12,2026-05-29,3,OKTA,US,Software & IT Services,long,3.12,99.9,4,123.2699966430664,6.2607,5.9217,5.6612,4.803,2.0469,"displacement +2.8z, range +2.4z, confirmation +2.4z",,,,,,,
12,2026-05-29,2,SPCE,US,Transportation & Logistics,long,3.267,100.0,3,6.179999828338623,0.5466,14.0994,4.4365,4.1526,0.4939,"relstrength +2.6z, volume +2.4z, confirmation +2.4z",,,,,,,
13,2026-06-01,3,HPE,US,Tech Hardware,long,3.121,99.9,3,46.744659423828125,2.2839,6.9987,2.5259,2.1469,0.4964,"confirmation +2.2z, volume +2.2z, range +2.0z",,,,,,,
13,2026-06-01,2,MGM,US,Retail & Consumer Services,long,3.269,100.0,4,50.689998626708984,2.0021,5.7085,5.2045,3.9558,2.3924,"displacement +2.7z, range +2.4z, volume +2.3z",,,,,,,
13,2026-06-01,1,OCS,US,Pharma & Biotech,short,3.568,100.0,4,14.510000228881836,2.8118,15.658,-5.5432,3.1652,-2.4628,"displacement +3.2z, relstrength +2.5z, range +2.3z",,,,,,,
14,2026-06-02,3,ABVX,US,Pharma & Biotech,short,3.121,99.9,4,72.5,9.7382,13.7834,-6.5679,6.149,-5.3567,"displacement +3.5z, confirmation +2.4z, volume +2.3z",,,,,,,
14,2026-06-02,2,MRVL,US,Semiconductors,long,3.269,100.0,4,290.7182922363281,19.8587,4.5275,5.7577,3.6182,1.7132,"displacement +2.8z, confirmation +2.4z, structure +2.3z",,,,,,,
14,2026-06-02,1,VSXY,US,Retail & Consumer Services,long,3.568,100.0,4,80.05999755859375,4.9107,4.2127,6.7693,5.4941,4.9341,"displacement +3.1z, range +2.3z, volume +2.2z",,,,,,,
15,2026-06-03,3,DRTS,US,Healthcare Equipment,long,2.783,99.7,2,10.579999923706056,1.0488,3.5813,3.2286,1.9737,0.3242,"displacement +2.2z, confirmation +2.1z, volume +1.9z",,,,,,,
15,2026-06-03,2,NBIX,US,Pharma & Biotech,long,2.882,99.8,2,165.11000061035156,4.5093,1.5497,3.1226,2.4328,0.1597,"structure +2.2z, displacement +1.9z, confirmation +1.8z",,,,,,,
15,2026-06-03,1,QMCO,US,Tech Hardware,long,3.568,100.0,3,15.949999809265137,1.2707,8.2701,3.696,3.4941,-0.2754,"confirmation +2.5z, range +2.4z, relstrength +2.4z",,,,,,,
16,2026-06-04,2,FIVE,US,Retail & Consumer Services,short,3.269,100.0,4,192.1699981689453,10.05,4.5195,-4.2036,3.1632,-2.5294,"displacement +3.1z, confirmation +2.2z, volume +2.1z",,,,,,,
16,2026-06-04,3,LCII,US,Industrials & Machinery,short,3.122,99.9,4,94.99252319335938,3.9529,3.2363,-3.7511,2.6949,-1.3212,"displacement +2.7z, confirmation +2.2z, structure +1.6z",,,,,,,
16,2026-06-04,1,PUK,US,Insurance,short,3.568,100.0,4,25.93638801574707,0.8131,3.9779,-3.6942,3.0052,-2.4799,"displacement +2.9z, range +2.3z, confirmation +2.3z",,,,,,,
17,2026-06-05,3,ARGX,US,Pharma & Biotech,long,3.021,99.9,2,891.3200073242188,24.7719,2.5622,2.777,2.1932,0.1808,"confirmation +2.2z, volume +1.9z, structure +1.8z",,,,,,,
17,2026-06-05,1,COO,US,Healthcare Equipment,long,3.269,100.0,4,67.33999633789062,1.885,4.0212,4.4941,2.9655,1.7082,"displacement +2.8z, confirmation +2.4z, volume +2.1z",,,,,,,
17,2026-06-05,2,EH,US,Industrials & Machinery,short,3.122,99.9,3,7.894999980926514,0.6051,4.092,-3.7265,2.4956,-0.2644,"confirmation +2.1z, volume +2.0z, displacement +1.8z",,,,,,,
18,2026-06-08,2,AMPG,US,Tech Hardware,long,3.27,100.0,2,6.570000171661377,0.8556,1.6476,2.9779,2.0337,0.4325,"relstrength +2.5z, structure +2.3z, confirmation +1.9z",,,,,,,
18,2026-06-08,3,ARCB,US,Transportation & Logistics,long,3.122,99.9,2,166.07252502441406,6.066,1.8688,2.5878,2.0572,0.3969,"structure +2.4z, range +2.1z, relstrength +2.0z",,,,,,,
18,2026-06-08,1,TNGX,US,Pharma & Biotech,long,3.569,100.0,4,30.93000030517578,2.2931,7.1887,6.1709,5.3551,4.2671,"displacement +3.0z, confirmation +2.2z, volume +2.2z",,,,,,,
19,2026-06-09,2,EH,US,Industrials & Machinery,short,3.27,100.0,4,6.679999828338623,0.7798,7.363,-4.5944,2.8341,-1.0362,"displacement +2.7z, confirmation +2.1z, volume +2.1z",,,,,,,
19,2026-06-09,1,ODC,US,Retail & Consumer Services,long,3.569,100.0,3,98.36023712158205,3.8546,3.3499,5.7393,3.8928,0.9758,"displacement +2.6z, confirmation +2.3z, structure +2.3z",,,,,,,
19,2026-06-09,3,PAYO,US,Commercial & Professional Services,long,3.023,99.9,3,6.389999866485596,0.3093,12.3809,6.0,4.8661,0.194,"confirmation +2.5z, volume +2.3z, range +1.9z",,,,,,,
20,2026-06-10,1,CASY,US,Retail & Consumer Services,long,3.569,100.0,4,914.9139404296876,36.1515,3.8367,6.3926,4.32,1.091,"displacement +2.7z, confirmation +2.3z, structure +2.2z",,,,,,,
20,2026-06-10,3,CLOV,US,Insurance,long,3.123,99.9,3,4.889999866485596,0.2953,3.7009,3.1097,2.8786,0.9144,"displacement +2.3z, relstrength +2.1z, structure +2.0z",,,,,,,
20,2026-06-10,2,OCC,US,Mining & Metals,long,3.271,100.0,3,26.920000076293945,2.9471,5.9369,2.5204,2.2259,-0.0034,"relstrength +2.7z, confirmation +2.3z, structure +2.1z",,,,,,,
21,2026-06-11,1,ATEX,US,Media & Telecom,long,3.569,100.0,3,81.44000244140625,5.2906,3.4446,5.6105,3.3314,0.7031,"displacement +2.5z, volume +2.1z, confirmation +2.1z",,,,,,,
21,2026-06-11,3,GGAL,US,Banks & Consumer Finance,long,3.022,99.9,3,55.29134368896485,2.3649,3.7168,3.417,2.5654,0.6245,"displacement +2.1z, confirmation +2.1z, volume +2.0z",,,,,,,
21,2026-06-11,2,VELO,US,Semiconductors,long,3.123,99.9,3,30.61000061035156,3.6547,5.6409,2.7535,2.4817,0.3612,"relstrength +2.2z, confirmation +2.2z, volume +2.1z",,,,,,,
22,2026-06-12,2,ROKU,US,Media & Telecom,long,3.271,100.0,3,143.66000366210938,7.0,7.5148,5.5491,4.1771,0.7386,"displacement +2.7z, confirmation +2.6z, volume +2.4z",,,,,,,
22,2026-06-12,1,SENEA,US,Consumer Staples,long,3.569,100.0,3,175.3699951171875,7.675,3.4703,4.7432,3.5023,0.6892,"displacement +2.5z, confirmation +2.5z, volume +2.2z",,,,,,,
22,2026-06-12,3,STCK.TO,CA,Investment Company,short,2.934,100.0,3,24.88999938964844,3.0264,4.1552,-3.4753,2.65,0.7071,"volume +1.8z, range +1.6z, confirmation +1.6z",,,,,,,
23,2026-06-15,3,FISV,US,Commercial & Professional Services,short,3.023,99.9,4,47.90999984741211,2.425,4.3217,-3.9584,2.6433,-1.8433,"displacement +2.7z, volume +2.1z, confirmation +2.0z",,,,,,,
23,2026-06-15,1,FOXA,US,Media & Telecom,short,3.57,100.0,4,54.51913070678711,2.8947,12.6983,-5.837,4.3353,-3.0507,"displacement +3.2z, volume +2.4z, confirmation +2.1z",,,,,,,
23,2026-06-15,2,GPUS,US,Industrials & Machinery,long,3.271,100.0,4,1.350000023841858,0.1929,20.0136,5.5921,3.8889,1.2963,"displacement +2.8z, confirmation +2.5z, relstrength +2.4z",,,,,,,
24,2026-06-16,3,GIL,US,Consumer Staples,short,3.023,99.9,3,50.12021255493164,2.8966,17.1993,-5.1341,5.7952,0.2097,"volume +2.5z, confirmation +2.3z, range +2.1z",,,,,,,
24,2026-06-16,2,LION,US,Media & Telecom,long,3.124,99.9,3,16.360000610351562,0.6461,5.6481,3.5657,3.7143,0.1083,"confirmation +2.3z, structure +2.2z, volume +2.1z",,,,,,,
24,2026-06-16,1,OTLK,US,Pharma & Biotech,long,3.271,100.0,2,1.5700000524520874,0.182,2.0072,2.6232,2.2802,0.2198,"relstrength +3.2z, confirmation +2.0z, displacement +1.6z",,,,,,,
25,2026-06-17,3,ARQQ,US,Software & IT Services,long,2.947,99.9,2,22.600000381469727,2.0886,3.9713,1.7004,2.1976,-0.0239,"relstrength +2.5z, volume +2.0z, confirmation +2.0z",,,,,,,
25,2026-06-17,2,GPUS,US,Industrials & Machinery,long,3.271,100.0,3,2.0,0.2821,15.6274,3.4108,3.3671,0.7089,"relstrength +2.9z, displacement +2.4z, volume +2.3z",,,,,,,
25,2026-06-17,1,QURE,US,Pharma & Biotech,long,3.57,100.0,4,48.15999984741211,3.6368,17.8072,6.7443,6.2445,4.5535,"displacement +3.3z, confirmation +2.7z, relstrength +2.5z",,,,,,,
26,2026-06-18,2,ACN,US,Commercial & Professional Services,short,3.272,100.0,4,126.4594268798828,9.4542,9.4343,-5.0965,3.1784,-3.0843,"displacement +3.3z, volume +2.1z, range +2.0z",,,,,,,
26,2026-06-18,1,BFLY,US,Healthcare Equipment,long,3.571,100.0,4,8.899999618530273,0.6384,13.5933,6.3327,5.0593,2.3495,"displacement +3.0z, confirmation +2.7z, range +2.6z",,,,,,,
26,2026-06-18,3,CTSH,US,Software & IT Services,short,3.125,99.9,4,43.44525909423828,2.3718,6.6354,-3.7557,2.2677,-1.0814,"displacement +2.6z, confirmation +2.2z, volume +2.1z",,,,,,,
27,2026-06-19,1,AGI.TO,CA,Mineral Expl & Dev,short,2.925,100.0,3,41.87485122680664,3.3046,4.5343,-4.4096,3.1317,-0.8645,"displacement +2.3z, volume +1.8z, confirmation +1.7z",,,,,,,
28,2026-06-22,1,ATRL.TO,CA,Engineer/Construct,long,2.927,100.0,2,92.0690689086914,3.0814,2.4172,2.5567,2.628,0.0519,"volume +1.6z, displacement +1.4z, confirmation +1.3z",,,,,,,
28,2026-06-22,2,TCL-A.TO,CA,Printing & Publish,long,2.384,99.3,2,5.29197883605957,0.2301,3.5447,2.6739,1.68,0.3015,"confirmation +1.8z, displacement +1.6z, volume +1.5z",,,,,,,
29,2026-06-23,1,BLZE,US,Software & IT Services,long,3.572,100.0,4,11.65999984741211,0.8136,25.5859,4.1959,4.5786,2.6918,"displacement +2.9z, confirmation +2.9z, volume +2.5z",,,,,,,
29,2026-06-23,2,EPC,US,Materials & Chemicals,long,3.274,100.0,4,26.07806396484375,1.3688,3.6055,4.1464,2.8919,1.4968,"displacement +2.8z, volume +2.2z, range +2.1z",,,,,,,
29,2026-06-23,3,LGND,US,Pharma & Biotech,long,3.026,99.9,2,279.44000244140625,11.0029,10.6993,2.2668,2.2294,-0.2563,"confirmation +2.6z, volume +2.4z, structure +2.0z",,,,,,,
30,2026-06-24,2,ABSI,US,Pharma & Biotech,long,3.274,100.0,4,10.074999809265137,1.0669,7.121,4.266,3.365,1.9684,"displacement +2.8z, relstrength +2.5z, volume +2.4z",,,,,,,
30,2026-06-24,1,HTZ,US,Retail & Consumer Services,short,3.572,100.0,4,3.0,0.3759,17.5625,-5.5357,5.6128,-2.9261,"displacement +3.3z, confirmation +2.4z, relstrength +2.2z",,,,,,,
30,2026-06-24,3,TOYO,US,Semiconductors,short,3.126,99.9,4,7.909999847412109,1.8811,6.7961,-4.4887,2.7219,-1.7012,"displacement +2.9z, relstrength +2.2z, confirmation +2.2z",,,,,,,
31,2026-06-25,3,AMAT,US,Semiconductors,long,3.126,99.9,2,667.2864379882812,45.7732,1.5227,3.2684,1.7513,1.0643,"displacement +2.4z, structure +2.1z, relstrength +2.0z",,,,,,,
31,2026-06-25,2,MEI,US,Tech Hardware,long,3.273,100.0,4,17.941329956054688,1.3549,6.6085,3.9794,3.958,1.6332,"displacement +2.6z, relstrength +2.5z, confirmation +2.5z",,,,,,,
31,2026-06-25,1,TECH,US,Pharma & Biotech,long,3.572,100.0,4,70.62178802490234,3.0645,18.7421,4.3532,3.9246,3.6997,"displacement +3.0z, volume +2.6z, confirmation +2.5z",,,,,,,
32,2026-06-26,3,APOG,US,Materials & Chemicals,long,3.026,99.9,4,48.581321716308594,2.0514,5.5529,4.7568,4.0664,1.4862,"displacement +2.7z, range +2.1z, relstrength +1.8z",,,,,,,
32,2026-06-26,1,PSIG,US,Transportation & Logistics,short,3.573,100.0,3,1.4500000476837158,1.3225,9.1244,-7.4151,8.1361,-0.0378,"relstrength +3.2z, range +2.8z, confirmation +2.2z",,,,,,,
32,2026-06-26,2,SDOT,US,Retail & Consumer Services,long,3.274,100.0,2,21.450000762939453,11.0639,49.8096,5.2977,1.4977,0.4808,"relstrength +3.0z, confirmation +2.9z, displacement +2.4z",,,,,,,
33,2026-06-29,2,FBIN,US,Industrials & Machinery,long,3.275,100.0,4,50.67537689208984,2.4223,3.1041,3.2613,2.1917,1.2518,"displacement +2.4z, confirmation +2.1z, volume +2.0z",,,,,,,
33,2026-06-29,3,IRDM,US,Media & Telecom,long,3.128,99.9,4,54.41268157958984,4.0308,4.679,4.5751,2.8808,2.0376,"displacement +2.7z, volume +2.2z, confirmation +2.2z",,,,,,,
33,2026-06-29,1,SLS,US,Pharma & Biotech,long,3.574,100.0,3,15.449999809265137,1.0364,4.678,3.257,3.1647,0.907,"relstrength +2.5z, confirmation +2.3z, displacement +2.3z",,,,,,,
34,2026-06-30,2,MYE,US,Materials & Chemicals,long,3.275,100.0,4,35.1583366394043,1.4269,3.6116,4.2758,3.4054,1.0746,"displacement +2.6z, range +2.3z, relstrength +2.2z",,,,,,,
34,2026-06-30,1,SOC,US,"Oil, Gas & Coal",short,3.574,100.0,4,3.0799999237060547,1.0696,23.0235,-6.366,3.8237,-2.7766,"displacement +2.9z, relstrength +2.7z, volume +2.4z",,,,,,,
34,2026-06-30,3,WTS,US,Industrials & Machinery,long,3.028,99.9,2,390.7757263183594,13.0503,1.7528,4.3638,2.724,0.8009,"displacement +2.5z, range +2.2z, structure +2.0z",,,,,,,
35,2026-07-01,3,GH,US,Healthcare Equipment,long,3.128,99.9,4,170.77000427246094,7.7964,3.0004,3.3134,2.8962,1.3763,"displacement +2.3z, confirmation +2.1z, structure +2.0z",,,,,,,
35,2026-07-01,1,IQMX,US,,long,3.574,100.0,4,13.420000076293944,0.4529,5.105,7.1108,5.9612,3.0468,"displacement +3.1z, range +2.6z, confirmation +2.4z",,,,,,,
35,2026-07-01,2,SDOT,US,Retail & Consumer Services,long,3.275,100.0,2,72.0,15.2158,3.3185,2.1491,3.5733,0.6316,"relstrength +3.6z, range +1.9z, volume +1.9z",,,,,,,
36,2026-07-02,3,CRT-UN.TO,CA,Investment Fund,long,2.925,100.0,2,18.34159469604492,0.2857,2.9102,2.7812,2.3933,0.3469,"structure +1.9z, volume +1.5z, displacement +1.4z",,,,,,,
36,2026-07-02,1,GPC,US,Industrials & Machinery,long,3.574,100.0,3,131.5460205078125,4.4667,3.2121,5.128,4.1498,0.4465,"displacement +2.2z, volume +2.1z, confirmation +2.1z",,,,,,,
36,2026-07-02,2,TENX,US,Pharma & Biotech,long,3.275,100.0,4,15.460000038146973,1.0806,4.4223,3.5271,2.036,1.2678,"displacement +2.4z, confirmation +2.4z, volume +2.1z",,,,,,,
37,2026-07-03,1,GFL.TO,CA,Environmental Serv,long,2.924,100.0,2,57.165584564208984,1.9056,2.3415,3.2429,3.6613,0.0315,"range +1.6z, volume +1.5z, confirmation +1.4z",,,,,,,
39,2026-07-07,2,ABTC,US,Capital Markets,short,3.128,99.9,2,6.519999980926514,1.0882,3.7378,-4.17,1.8976,-0.0735,"confirmation +2.4z, relstrength +2.3z, structure +2.2z",,,,,,,
39,2026-07-07,1,AGIO,US,Pharma & Biotech,long,3.573,100.0,3,44.0099983215332,1.8243,2.7092,3.6486,3.6727,1.0908,"displacement +2.6z, confirmation +2.2z, relstrength +2.0z",,,,,,,
39,2026-07-07,3,RPD,US,Software & IT Services,long,2.678,99.6,2,11.199999809265137,0.686,3.5923,1.4283,2.2376,0.0292,"volume +2.3z, relstrength +2.3z, range +1.7z",,,,,,,
40,2026-07-08,2,PENG,US,Semiconductors,long,3.028,99.9,2,78.47000122070312,9.0707,4.4068,3.535,1.9061,0.5667,"confirmation +2.4z, volume +2.3z, displacement +2.3z",,,,,,,
40,2026-07-08,3,WTE.TO,CA,Investment Company,long,2.923,100.0,2,40.400001525878906,0.9907,1.5526,2.7308,2.1803,0.0404,"displacement +1.6z, confirmation +1.3z, range +1.2z",,,,,,,
40,2026-07-08,1,XENE,US,Pharma & Biotech,long,3.574,100.0,3,69.94999694824219,2.4639,3.3169,4.5036,3.2234,-0.1177,"structure +2.3z, confirmation +2.2z, volume +2.0z",,,,,,,
41,2026-07-09,2,GVA,US,Industrials & Machinery,short,3.128,99.9,2,125.58000183105467,6.5,2.2546,-4.3446,2.9046,-0.2923,"confirmation +2.2z, displacement +2.2z, range +1.9z",,,,,,,
41,2026-07-09,1,IONS,US,Pharma & Biotech,short,3.573,100.0,4,64.2699966430664,3.9629,9.0572,-6.7837,5.1377,-4.2091,"displacement +3.8z, confirmation +2.6z, volume +2.6z",,,,,,,
41,2026-07-09,3,SAH,US,Retail & Consumer Services,long,3.027,99.9,2,94.79777526855467,3.1139,2.1675,3.1627,2.7502,0.2364,"structure +2.0z, confirmation +1.9z, volume +1.8z",,,,,,,
42,2026-07-10,3,FSUN,US,Banks & Consumer Finance,short,2.835,99.8,3,35.08000183105469,1.4636,2.259,-3.7525,2.5691,-2.2616,"displacement +3.1z, confirmation +1.6z, volume +1.5z",,,,,,,
42,2026-07-10,1,IONS,US,Pharma & Biotech,short,3.573,100.0,2,58.25,4.2543,4.9947,-2.5313,1.4668,0.0,"confirmation +2.5z, volume +2.1z, relstrength +1.8z",,,,,,,
42,2026-07-10,2,VOD,US,Media & Telecom,long,3.128,99.9,4,14.720000267028809,0.3529,5.0681,4.9685,5.0162,4.6194,"displacement +3.1z, range +2.5z, volume +2.3z",,,,,,,
43,2026-07-13,2,CNMD,US,Healthcare Equipment,long,3.275,100.0,3,42.40999984741211,2.2993,4.0891,2.9453,2.0963,0.5089,"volume +2.3z, displacement +2.2z, confirmation +2.2z",,,,,,,
43,2026-07-13,3,PSO,US,Media & Telecom,long,3.027,99.9,3,17.490795135498047,0.3448,1.2364,2.8253,2.1605,1.2675,"displacement +2.5z, structure +2.4z, range +2.2z",,,,,,,
43,2026-07-13,1,TCBK,US,Banks & Consumer Finance,long,3.573,100.0,4,59.66706848144531,1.4736,17.776,5.7783,4.5701,1.6716,"displacement +2.9z, confirmation +2.8z, volume +2.7z",,,,,,,
44,2026-07-14,2,GS,US,Capital Markets,long,3.027,99.9,3,1134.4439697265625,34.0333,1.9818,3.9505,2.8635,1.143,"displacement +2.6z, confirmation +2.1z, structure +2.1z",,,,,,,
44,2026-07-14,1,IBM,US,Tech Hardware,short,3.573,100.0,4,215.52394104003903,16.5286,9.0676,-5.2014,4.626,-3.8361,"displacement +3.5z, volume +2.4z, confirmation +2.3z",,,,,,,
44,2026-07-14,3,ISRG,US,Healthcare Equipment,short,2.834,99.8,2,379.5,14.3036,2.2641,-2.8151,2.0009,-0.7704,"displacement +2.2z, confirmation +2.1z, volume +1.9z",,,,,,,
45,2026-07-15,3,BNY,US,Banks & Consumer Finance,long,3.127,99.9,2,161.7063751220703,3.8689,2.1124,3.5874,2.1188,0.4995,"structure +2.3z, displacement +2.2z, confirmation +2.2z",,,,,,,
45,2026-07-15,2,CHRN,US,Industrials & Machinery,long,3.274,100.0,2,29.6299991607666,3.0383,2.4089,3.184,2.3006,0.2205,"relstrength +2.6z, confirmation +2.2z, volume +2.0z",,,,,,,
45,2026-07-15,1,PYPL,US,Commercial & Professional Services,long,3.572,100.0,4,55.383201599121094,2.0018,6.2723,5.7271,4.2406,3.7249,"displacement +3.2z, confirmation +2.5z, volume +2.5z",,,,,,,
46,2026-07-16,1,CDNA,US,Healthcare Equipment,long,3.573,100.0,4,40.34000015258789,1.8802,6.1328,6.4951,5.6536,3.5368,"displacement +3.3z, relstrength +2.7z, confirmation +2.6z",,,,,,,
46,2026-07-16,3,CTAS,US,Consumer Staples,long,3.127,99.9,3,205.7156219482422,5.6154,2.1716,3.6188,2.6146,1.1314,"displacement +2.5z, confirmation +2.1z, range +2.0z",,,,,,,
46,2026-07-16,2,MAN,US,Commercial & Professional Services,long,3.274,100.0,4,51.650001525878906,3.0886,4.6877,5.9498,4.5264,2.5125,"displacement +3.1z, relstrength +2.5z, range +2.4z",,,,,,,
47,2026-07-17,3,GPRE,US,Materials & Chemicals,long,3.126,99.9,3,19.229999542236328,0.8579,4.668,3.639,2.8443,0.4896,"displacement +2.3z, confirmation +2.3z, volume +2.2z",,,,,,,
47,2026-07-17,1,ISRG,US,Healthcare Equipment,short,3.572,100.0,4,345.4200134277344,18.1093,4.2941,-4.6747,3.1906,-2.0597,"displacement +3.2z, confirmation +2.5z, volume +2.2z",,,,,,,
47,2026-07-17,2,TRV,US,Insurance,long,3.273,100.0,2,367.7227783203125,9.558,2.5208,5.2761,3.4002,0.5047,"displacement +2.6z, structure +2.3z, confirmation +2.2z",,,,,,,
48,2026-07-20,2,AMC,US,Media & Telecom,long,3.025,99.9,4,2.4600000381469727,0.1829,4.1999,3.3954,2.9531,1.4219,"displacement +2.8z, confirmation +2.6z, volume +2.3z",,,,,,,
48,2026-07-20,1,HDB,US,Banks & Consumer Finance,short,3.571,100.0,4,23.600000381469727,0.7786,3.5904,-4.6662,3.9688,-2.0807,"displacement +3.1z, volume +2.2z, confirmation +2.1z",,,,,,,
48,2026-07-20,3,STAA,US,Healthcare Equipment,short,2.786,99.8,3,23.969999313354492,1.5893,4.5362,-2.6764,2.1016,-0.1447,"volume +2.1z, confirmation +2.0z, displacement +1.7z",,,,,,,
49,2026-07-21,1,HELP,US,Pharma & Biotech,long,3.271,100.0,3,8.100000381469727,0.5582,3.807,2.7378,2.4005,0.5195,"relstrength +2.5z, volume +2.1z, displacement +1.9z",,,,,,,
49,2026-07-21,2,SBRA,US,Real Estate & REITs,long,3.124,99.9,2,21.71186256408691,0.5439,2.2143,4.8755,3.8034,0.0906,"structure +2.2z, confirmation +2.1z, range +1.9z",,,,,,,
49,2026-07-21,3,WASH,US,Banks & Consumer Finance,long,3.023,99.9,4,39.279998779296875,1.0929,3.2024,4.143,3.2301,1.3085,"displacement +2.6z, structure +2.1z, confirmation +2.0z",,,,,,,
50,2026-07-22,3,FBP,US,Banks & Consumer Finance,long,3.022,99.9,3,28.65473747253418,0.5567,2.2231,3.1708,2.6752,1.0879,"structure +2.5z, displacement +2.5z, confirmation +2.1z",,,,,,,
50,2026-07-22,2,PEGA,US,Software & IT Services,short,3.123,99.9,4,25.923255920410156,1.8175,6.118,-4.7356,3.205,-3.0843,"displacement +3.3z, volume +2.3z, confirmation +1.8z",,,,,,,
50,2026-07-22,1,WAB,US,Industrials & Machinery,long,3.569,100.0,4,289.70098876953125,8.026,3.9291,4.8184,3.968,1.5658,"displacement +2.7z, volume +2.2z, confirmation +2.1z",,,,,,,
51,2026-07-23,3,ACI,US,Consumer Staples,short,3.122,99.9,4,11.269999504089355,0.6505,7.5965,-6.285,5.4204,-3.1804,"displacement +3.2z, volume +2.4z, range +2.4z",,,,,,,
51,2026-07-23,1,NVEC,US,Semiconductors,long,3.569,100.0,4,133.0557098388672,8.2633,3.0247,6.5501,5.7888,2.4811,"displacement +3.0z, relstrength +2.6z, range +2.5z",,,,,,,
51,2026-07-23,2,THRM,US,Industrials & Machinery,long,3.27,100.0,3,45.61000061035156,1.9329,5.8785,6.6431,5.1271,0.595,"confirmation +2.6z, displacement +2.6z, structure +2.4z",,,,,,,
52,2026-07-24,2,OII,US,"Oil, Gas & Coal",long,3.269,100.0,3,52.72999954223633,2.1536,4.2945,3.3236,2.526,0.1114,"confirmation +2.5z, structure +2.3z, relstrength +2.2z",,,,,,,
52,2026-07-24,3,RNG,US,Software & IT Services,long,3.121,99.9,3,48.2117805480957,2.8613,5.6577,4.8752,4.0179,0.6557,"confirmation +2.4z, displacement +2.4z, volume +2.4z",,,,,,,
52,2026-07-24,1,SAFT,US,Insurance,long,3.568,100.0,4,102.28478240966795,3.7146,14.8249,7.5167,8.1326,8.0233,"displacement +3.6z, range +2.9z, volume +2.7z",,,,,,,
53,2026-07-27,3,JBS,US,Consumer Staples,long,3.02,99.9,3,13.550000190734863,0.3836,2.9971,3.9906,3.4668,1.3294,"displacement +2.5z, confirmation +2.2z, volume +1.7z",,,,,,,
53,2026-07-27,2,LEGN,US,Pharma & Biotech,short,3.268,100.0,3,19.270000457763672,1.4089,6.423,-1.7909,2.5409,-1.1853,"displacement +2.1z, confirmation +2.1z, volume +1.8z",,,,,,,
53,2026-07-27,1,RNG,US,Software & IT Services,long,3.567,100.0,2,53.5908203125,3.0866,3.4801,2.0943,2.26,0.4203,"relstrength +2.5z, volume +2.0z, confirmation +1.9z",,,,,,,
54,2026-07-28,1,ITRI,US,Industrials & Machinery,long,3.566,100.0,4,107.0199966430664,3.8086,13.0337,6.9503,6.1493,1.8301,"displacement +3.0z, confirmation +2.6z, volume +2.4z",,,,,,,
54,2026-07-28,2,KNSA,US,Pharma & Biotech,long,3.267,100.0,4,79.44000244140625,3.4392,4.6161,5.981,5.3594,1.8972,"displacement +2.9z, relstrength +2.2z, confirmation +2.2z",,,,,,,
54,2026-07-28,3,PRK,US,Banks & Consumer Finance,long,3.019,99.9,4,205.84371948242188,5.1362,4.5147,5.2767,3.6307,1.6169,"displacement +2.8z, confirmation +2.3z, volume +2.1z",,,,,,,
55,2026-07-29,3,AVTR,US,Healthcare Equipment,long,3.019,99.9,4,14.380000114440918,0.6297,4.0737,4.4196,3.4936,3.2872,"displacement +2.8z, relstrength +2.4z, volume +2.3z",,,,,,,
55,2026-07-29,1,HURN,US,Commercial & Professional Services,long,3.566,100.0,4,170.3699951171875,8.5614,5.4961,6.2363,6.0189,1.4857,"displacement +2.9z, relstrength +2.8z, range +2.6z",,,,,,,
55,2026-07-29,2,LAD,US,Retail & Consumer Services,long,3.267,100.0,4,426.6837158203125,17.0838,6.5606,5.8053,4.743,1.0885,"displacement +2.6z, range +2.5z, volume +2.5z",,,,,,,
56,2026-07-30,3,ALNY,US,Pharma & Biotech,short,3.119,99.9,4,205.47999572753903,16.5471,7.5994,-6.6686,5.3671,-3.7227,"displacement +3.3z, volume +2.3z, confirmation +2.3z",,,,,,,
56,2026-07-30,1,CCB,US,Banks & Consumer Finance,short,3.566,100.0,4,39.90999984741211,4.9014,20.0978,-7.2641,6.947,-3.195,"displacement +3.3z, range +2.7z, volume +2.7z",,,,,,,
56,2026-07-30,2,CMCO,US,Industrials & Machinery,long,3.267,100.0,4,20.61026954650879,1.2401,4.032,6.0652,5.3766,4.2997,"displacement +3.1z, relstrength +2.4z, range +2.4z",,,,,,,
57,2026-07-31,2,ITGR,US,Healthcare Equipment,long,3.119,99.9,3,121.20999908447266,4.2929,5.8645,6.448,5.586,0.0023,"confirmation +2.5z, structure +2.3z, volume +2.3z",,,,,,,
57,2026-07-31,1,MYGN,US,Pharma & Biotech,short,3.565,100.0,4,2.859999895095825,0.4536,16.2822,-6.0554,5.6441,-5.0047,"displacement +3.3z, confirmation +2.4z, relstrength +2.3z",,,,,,,
57,2026-07-31,3,RBLX,US,Software & IT Services,short,3.018,99.9,4,35.599998474121094,3.6243,9.6641,-4.956,4.0808,-2.7012,"displacement +2.7z, volume +2.2z, confirmation +2.1z",,,,,,,
58,2026-08-03,1,ATKR,US,Industrials & Machinery,long,3.565,100.0,4,93.22056579589844,4.4776,29.2022,5.9154,4.5934,4.5489,"displacement +3.1z, confirmation +2.8z, volume +2.6z",,,,,,,
58,2026-08-03,3,DFNS,US,Commercial & Professional Services,long,3.119,99.9,3,61.5,16.8861,12.0262,3.1068,2.5524,0.8427,"relstrength +3.3z, confirmation +2.2z, displacement +2.2z",,,,,,,
58,2026-08-03,2,GME,US,Retail & Consumer Services,short,3.266,100.0,4,19.059999465942383,0.6136,14.301,-5.0265,5.1665,-2.0536,"displacement +3.1z, volume +2.4z, confirmation +2.3z",,,,,,,
59,2026-08-04,2,PAY,US,Commercial & Professional Services,long,3.266,100.0,4,44.599998474121094,2.3801,4.6923,5.6566,4.5333,2.5041,"displacement +2.7z, relstrength +2.3z, confirmation +2.3z",,,,,,,
59,2026-08-04,3,UFPT,US,Healthcare Equipment,long,3.118,99.9,4,334.8399963378906,13.7886,3.035,6.0643,5.1622,2.7175,"displacement +2.8z, range +2.3z, volume +2.1z",,,,,,,
59,2026-08-04,1,ZBRA,US,Industrials & Machinery,long,3.565,100.0,4,368.8299865722656,15.8879,4.0346,5.7858,4.9189,2.4207,"displacement +2.7z, range +2.3z, confirmation +2.3z",,,,,,,
60,2026-08-05,2,BV,US,Consumer Staples,short,3.266,100.0,4,10.600000381469728,0.6202,10.2541,-6.0132,4.3372,-3.4182,"displacement +3.0z, volume +2.3z, confirmation +2.2z",,,,,,,
60,2026-08-05,3,LMAT,US,Healthcare Equipment,short,3.119,99.9,4,78.76451110839844,5.4508,7.6446,-6.3377,4.9624,-3.2247,"displacement +3.0z, confirmation +2.4z, volume +2.2z",,,,,,,
60,2026-08-05,1,LMB,US,Industrials & Machinery,short,3.565,100.0,4,49.72999954223633,5.6134,9.1857,-6.2773,4.9961,-2.7986,"displacement +2.9z, confirmation +2.5z, volume +2.2z",,,,,,,
61,2026-08-06,3,IOVA,US,Pharma & Biotech,long,3.119,99.9,4,6.210000038146973,0.4771,5.3228,5.4893,4.2964,3.3743,"displacement +2.7z, volume +2.3z, relstrength +2.2z",,,,,,,
61,2026-08-06,2,PAYC,US,Software & IT Services,long,3.267,100.0,4,215.616455078125,11.3516,4.7539,5.618,4.0177,3.35,"displacement +2.7z, relstrength +2.3z, range +2.3z",,,,,,,
61,2026-08-06,1,TDUP,US,Retail & Consumer Services,short,3.566,100.0,4,3.109999895095825,0.5443,16.929,-6.7838,5.9528,-4.5197,"displacement +3.5z, confirmation +2.7z, volume +2.5z",,,,,,,
62,2026-08-07,3,CRSR,US,Tech Hardware,long,3.019,99.9,4,14.350000381469728,0.9196,6.1497,4.806,4.3169,2.253,"displacement +2.4z, confirmation +2.4z, relstrength +2.2z",,,,,,,
62,2026-08-07,2,HALO,US,Pharma & Biotech,long,3.267,100.0,4,103.12000274658205,3.3293,4.7941,6.4212,5.2684,1.2735,"displacement +2.5z, confirmation +2.4z, structure +2.3z",,,,,,,
62,2026-08-07,1,QNST,US,Commercial & Professional Services,long,3.566,100.0,4,21.079999923706055,1.0307,7.3272,6.9311,5.8794,4.3368,"displacement +3.0z, confirmation +2.5z, volume +2.4z",,,,,,,
63,2026-08-10,2,HZO,US,Retail & Consumer Services,long,3.267,100.0,4,52.119998931884766,2.8779,25.8511,7.1198,5.7161,5.6327,"displacement +3.1z, confirmation +2.8z, volume +2.6z",,,,,,,
63,2026-08-10,3,LINC,US,Commercial & Professional Services,short,3.019,99.9,4,30.770000457763672,3.1114,7.9646,-5.2261,3.3682,-2.7029,"displacement +2.8z, confirmation +2.4z, volume +2.2z",,,,,,,
63,2026-08-10,1,TENX,US,Pharma & Biotech,short,3.566,100.0,4,1.375,2.0293,41.9342,-7.1163,5.9775,-5.7409,"displacement +3.5z, relstrength +3.1z, confirmation +2.7z",,,,,,,
64,2026-08-11,2,NIQ,US,Software & IT Services,long,3.267,100.0,4,16.579999923706055,0.8401,6.9917,6.6549,5.94,2.4165,"displacement +3.0z, confirmation +2.5z, volume +2.3z",,,,,,,
64,2026-08-11,1,QMCO,US,Tech Hardware,long,3.566,100.0,4,19.399999618530273,1.6086,16.8142,5.9589,4.8615,1.7034,"displacement +2.8z, relstrength +2.8z, confirmation +2.7z",,,,,,,
64,2026-08-11,3,SEPN,US,Pharma & Biotech,long,3.12,99.9,3,47.7599983215332,2.6086,4.3863,4.6264,3.5958,0.276,"confirmation +2.3z, structure +2.1z, displacement +1.9z",,,,,,,
65,2026-08-12,2,ATRO,US,Industrials & Machinery,long,3.12,99.9,4,87.88999938964844,4.5943,4.4401,4.0485,3.8287,2.0264,"displacement +2.6z, volume +1.9z, range +1.6z",,,,,,,
65,2026-08-12,1,EAT,US,Retail & Consumer Services,long,3.268,100.0,3,245.88999938964844,10.1757,2.2228,3.7766,3.0602,1.2481,"displacement +2.4z, structure +2.0z, volume +1.8z",,,,,,,
65,2026-08-12,3,MSGE,US,Media & Telecom,long,3.02,99.9,3,88.41999816894531,2.9103,2.3012,5.5804,3.3742,1.1133,"displacement +2.6z, structure +1.9z, confirmation +1.8z",,,,,,,
66,2026-08-13,3,AVAH,US,Healthcare Equipment,long,3.12,99.9,4,11.289999961853027,0.4902,5.7156,6.114,5.0692,2.1215,"displacement +2.8z, volume +2.2z, confirmation +2.1z",,,,,,,
66,2026-08-13,1,OMER,US,Pharma & Biotech,long,3.567,100.0,4,17.350000381469727,0.9943,9.8969,4.1683,4.4555,2.9569,"displacement +2.7z, relstrength +2.5z, volume +2.3z",,,,,,,
66,2026-08-13,2,TPR,US,Materials & Chemicals,short,3.268,100.0,4,127.90513610839844,6.3246,4.2263,-5.4342,4.0891,-3.3141,"displacement +3.2z, confirmation +2.2z, volume +1.9z",,,,,,,
67,2026-08-14,2,ETON,US,Pharma & Biotech,long,3.267,100.0,4,58.86000061035156,3.9257,4.2015,6.6136,4.8373,3.5993,"displacement +3.1z, volume +2.2z, confirmation +2.1z",,,,,,,
67,2026-08-14,1,HTFL,US,Healthcare Equipment,long,3.566,100.0,4,42.08000183105469,2.2069,10.8784,5.7777,5.4331,3.6477,"displacement +3.0z, range +2.5z, confirmation +2.5z",,,,,,,
67,2026-08-14,3,JCAP,US,Banks & Consumer Finance,long,3.12,99.9,4,23.741588592529297,0.7479,4.9704,4.4291,3.5314,1.9046,"displacement +2.6z, confirmation +2.2z, volume +2.1z",,,,,,,
68,2026-08-17,1,ENVX,US,Industrials & Machinery,short,3.567,100.0,4,3.5950000286102295,0.3846,6.3842,-2.9605,2.2618,-1.2219,"displacement +2.5z, confirmation +2.2z, volume +2.0z",,,,,,,
68,2026-08-17,2,FDMT,US,Pharma & Biotech,long,3.268,100.0,3,14.545000076293944,0.7938,5.7736,3.7068,3.6849,0.0126,"confirmation +2.2z, volume +2.0z, structure +1.8z",,,,,,,
68,2026-08-17,3,MNSO,US,Retail & Consumer Services,short,3.121,99.9,4,10.760000228881836,0.3581,3.1449,-3.2787,3.0993,-2.7363,"displacement +2.7z, structure +1.9z, confirmation +1.8z",,,,,,,
69,2026-08-18,1,AMLX,US,Pharma & Biotech,long,3.567,100.0,4,35.11000061035156,2.3791,13.8719,7.1395,5.8678,3.5644,"displacement +3.2z, confirmation +2.7z, relstrength +2.6z",,,,,,,
69,2026-08-18,3,BIDU,US,Software & IT Services,short,3.121,99.9,4,90.87000274658205,3.7457,8.1458,-4.1546,3.8764,-2.6083,"displacement +3.0z, volume +2.4z, confirmation +2.3z",,,,,,,
69,2026-08-18,2,HAE,US,Healthcare Equipment,long,3.268,100.0,3,104.6500015258789,4.0093,2.8961,5.2933,4.0905,3.0504,"displacement +3.0z, structure +2.1z, volume +2.0z",,,,,,,
70,2026-08-19,3,AEM.TO,CA,Gld/Sil Expl & Dev,long,2.926,100.0,3,286.2045593261719,11.5579,1.137,3.1309,2.4293,1.0463,"range +1.8z, displacement +1.8z, structure +1.5z",,,,,,,
70,2026-08-19,2,LZB,US,Industrials & Machinery,short,3.021,99.9,4,33.652992248535156,1.534,7.9854,-4.79,4.9168,-4.6128,"displacement +3.2z, confirmation +2.2z, volume +2.0z",,,,,,,
70,2026-08-19,1,MRNA,US,Pharma & Biotech,long,3.568,100.0,4,174.3800048828125,11.6266,38.5401,7.6094,9.7793,4.5637,"displacement +3.3z, relstrength +3.0z, confirmation +2.9z",,,,,,,
71,2026-08-20,1,AAP,US,Retail & Consumer Services,short,3.569,100.0,4,42.38999938964844,3.5171,13.1256,-5.3125,4.4127,-2.6527,"displacement +3.2z, volume +2.5z, confirmation +2.3z",,,,,,,
71,2026-08-20,2,MRVI,US,Pharma & Biotech,long,3.27,100.0,3,8.289999961853027,0.5006,6.6083,3.198,2.313,0.4394,"confirmation +2.4z, displacement +2.2z, volume +2.2z",,,,,,,
71,2026-08-20,3,NDSN,US,Industrials & Machinery,long,3.122,99.9,3,333.6978454589844,7.1457,3.9857,4.5488,3.9458,0.8483,"displacement +2.6z, confirmation +2.2z, structure +2.1z",,,,,,,
72,2026-08-21,1,ASST,US,Capital Markets,long,2.883,99.8,3,18.219999313354492,0.9957,5.0835,2.2348,2.9727,1.5366,"relstrength +2.3z, displacement +2.1z, volume +2.1z",,,,,,,
72,2026-08-21,3,EMA.TO,CA,Holding Company,short,2.393,99.3,2,69.0199966430664,1.2614,1.2069,-3.344,2.1404,-0.1586,"displacement +2.0z, range +1.6z, structure +1.2z",,,,,,,
72,2026-08-21,2,FCX,US,Mining & Metals,long,2.743,99.7,2,76.66000366210938,2.9157,2.4012,2.2571,2.0955,1.1112,"displacement +2.1z, structure +1.9z, volume +1.8z",,,,,,,
73,2026-08-24,1,RGNX,US,Pharma & Biotech,short,3.57,100.0,4,8.055000305175781,0.9071,5.3151,-3.6519,3.252,-2.6787,"displacement +3.0z, confirmation +1.8z, relstrength +1.7z",,,,,,,
73,2026-08-24,3,TJGC,US,Commercial & Professional Services,long,2.588,99.5,2,6.099999904632568,0.6332,3.8893,1.2835,2.8111,-0.0632,"confirmation +2.2z, volume +2.1z, relstrength +1.6z",,,,,,,
73,2026-08-24,2,XPEV,US,Industrials & Machinery,short,3.271,100.0,3,11.149999618530272,0.4044,4.2833,-2.9108,2.6952,-0.8901,"displacement +2.5z, confirmation +2.3z, volume +2.1z",,,,,,,
74,2026-08-25,3,BNS.TO,CA,Banking,long,2.937,100.0,2,128.72999572753906,2.4014,2.6652,4.7649,3.7311,0.8412,"displacement +2.2z, structure +1.6z, confirmation +1.3z",,,,,,,
74,2026-08-25,1,DKS,US,Retail & Consumer Services,short,3.57,100.0,4,123.14289855957033,10.8118,25.1351,-6.6698,5.0695,-3.3873,"displacement +3.4z, volume +2.7z, confirmation +2.7z",,,,,,,
74,2026-08-25,2,KURA,US,Pharma & Biotech,long,3.271,100.0,2,13.59000015258789,0.8124,3.0898,2.4336,1.8465,1.4649,"displacement +2.3z, range +2.0z, volume +1.9z",,,,,,,
75,2026-08-26,1,ANF,US,Retail & Consumer Services,long,3.569,100.0,4,147.75,7.8871,16.3575,6.4965,5.7917,2.8489,"displacement +3.0z, volume +2.7z, confirmation +2.3z",,,,,,,
75,2026-08-26,3,DY,US,Industrials & Machinery,short,3.123,99.9,4,310.9100036621094,19.7929,7.151,-3.1805,2.4524,-1.2575,"displacement +2.6z, confirmation +2.1z, volume +1.9z",,,,,,,
75,2026-08-26,2,QFIN,US,Capital Markets,short,3.27,100.0,4,8.8634614944458,0.5635,8.9248,-4.9633,3.9029,-2.9777,"displacement +3.2z, confirmation +2.4z, volume +2.2z",,,,,,,
76,2026-08-27,2,BBW,US,Retail & Consumer Services,short,3.27,100.0,4,28.440000534057617,2.5671,13.9551,-5.9762,4.5186,-2.2827,"displacement +3.1z, volume +2.5z, confirmation +2.5z",,,,,,,
76,2026-08-27,1,CRM,US,Software & IT Services,long,3.568,100.0,4,251.60736083984375,10.3974,4.854,5.6034,4.691,2.3455,"displacement +2.9z, confirmation +2.3z, volume +2.2z",,,,,,,
76,2026-08-27,3,HRL,US,Consumer Staples,short,3.022,99.9,4,21.280000686645508,0.6029,5.4698,-5.1109,4.0474,-1.1777,"displacement +2.8z, confirmation +2.4z, volume +2.2z",,,,,,,
77,2026-08-28,2,BURL,US,Retail & Consumer Services,short,3.269,100.0,2,272.95001220703125,12.8907,3.4484,-2.5394,1.5344,0.1008,"confirmation +2.1z, range +1.9z, volume +1.9z",,,,,,,
77,2026-08-28,1,PD,US,Software & IT Services,long,3.568,100.0,3,13.829999923706056,0.5868,3.2187,2.6985,2.6586,0.7839,"displacement +2.3z, volume +2.1z, confirmation +2.0z",,,,,,,
77,2026-08-28,3,PYPL,US,Commercial & Professional Services,short,2.945,99.9,4,53.52778625488281,1.952,3.7617,-3.8988,4.5227,-3.9529,"displacement +3.2z, volume +1.8z, range +1.5z",,,,,,,
78,2026-08-31,1,EIX,US,Utilities,short,3.569,100.0,4,53.97999954223633,3.65,7.2045,-6.4601,4.674,-3.9616,"displacement +3.3z, range +2.2z, volume +2.2z",,,,,,,
78,2026-08-31,3,LB.TO,CA,Banking,long,2.938,100.0,3,40.599998474121094,0.07,2.4425,4.5941,4.2857,1.2857,"displacement +2.2z, structure +2.0z, confirmation +1.4z",,,,,,,
78,2026-08-31,2,MNSO,US,Retail & Consumer Services,short,3.122,99.9,4,9.300000190734863,0.4212,4.1493,-3.3586,2.659,-2.659,"displacement +2.8z, range +2.0z, volume +1.9z",,,,,,,
79,2026-09-01,1,ALMS,US,Pharma & Biotech,short,3.569,100.0,4,9.470000267028809,2.327,33.6581,-6.5976,5.6124,-5.1053,"displacement +3.5z, relstrength +2.8z, volume +2.4z",,,,,,,
79,2026-09-01,2,CRK,US,"Oil, Gas & Coal",long,3.122,99.9,4,16.020000457763672,0.6629,6.293,3.6158,2.5496,2.097,"displacement +2.8z, confirmation +2.4z, volume +2.4z",,,,,,,
79,2026-09-01,3,ENOV,US,Healthcare Equipment,short,3.022,99.9,3,20.530000686645508,1.3543,5.046,-3.1238,3.0053,-0.0738,"confirmation +2.4z, volume +2.0z, relstrength +1.9z",,,,,,,
80,2026-09-02,2,CRDO,US,Semiconductors,short,3.27,100.0,3,165.22000122070312,19.4021,7.0672,-2.8774,2.3028,-0.9275,"displacement +2.5z, confirmation +2.3z, volume +1.9z",,,,,,,
80,2026-09-02,1,GIII,US,Consumer Staples,short,3.569,100.0,3,28.367698669433594,1.0341,4.9339,-5.0619,4.0083,-0.1638,"confirmation +2.3z, displacement +2.2z, volume +2.1z",,,,,,,
80,2026-09-02,3,TARS,US,Pharma & Biotech,long,3.022,99.9,2,82.76000213623047,2.7376,2.9961,3.4686,3.2583,0.2119,"confirmation +2.1z, structure +2.0z, relstrength +1.9z",,,,,,,
81,2026-09-03,1,CYPH,US,Pharma & Biotech,long,3.569,100.0,2,2.2699999809265137,0.2947,2.8096,3.7806,2.1037,0.3223,"relstrength +2.8z, confirmation +2.2z, volume +1.8z",,,,,,,
81,2026-09-03,2,HOOD,US,Capital Markets,long,3.27,100.0,3,124.72000122070312,7.2536,3.1788,3.4655,2.4664,0.9388,"displacement +2.4z, confirmation +2.3z, relstrength +1.9z",,,,,,,
81,2026-09-03,3,VSXY,US,Retail & Consumer Services,short,3.022,99.9,4,73.63999938964844,4.5505,5.6858,-3.7763,2.8206,-1.7471,"displacement +2.7z, volume +2.1z, confirmation +2.1z",,,,,,,
82,2026-09-04,2,BLTE,US,Pharma & Biotech,long,3.269,100.0,3,193.61000061035156,7.7541,4.5641,3.7949,2.9391,0.2167,"confirmation +2.5z, volume +2.3z, displacement +2.1z",,,,,,,
82,2026-09-04,3,GWRE,US,Software & IT Services,short,2.783,99.7,4,162.4199981689453,10.8207,4.1798,-4.3499,4.2335,-3.2632,"displacement +3.0z, volume +2.1z, range +1.5z",,,,,,,
82,2026-09-04,1,NX,US,Mining & Metals,long,3.568,100.0,4,22.842565536499023,1.0737,7.6409,5.067,4.1471,1.7349,"displacement +2.9z, confirmation +2.5z, volume +2.5z",,,,,,,
83,2026-09-09,3,SIG,US,Retail & Consumer Services,long,3.121,99.9,4,102.4800033569336,4.2707,6.88,6.2755,4.7603,2.8894,"displacement +2.8z, confirmation +2.5z, volume +2.4z",,,,,,,
83,2026-09-09,2,TBBK,US,Banks & Consumer Finance,short,3.268,100.0,4,50.029998779296875,2.8643,11.2982,-6.2765,5.586,-3.8718,"displacement +3.4z, volume +2.4z, confirmation +2.1z",,,,,,,
83,2026-09-09,1,TTAN,US,Software & IT Services,short,3.567,100.0,4,57.119998931884766,6.2819,23.3284,-5.5067,4.1437,-2.3011,"displacement +3.1z, confirmation +2.6z, volume +2.5z",,,,,,,
84,2026-09-10,2,SWKS,US,Semiconductors,long,3.268,100.0,2,84.02999877929688,3.5929,2.3511,2.9809,3.0895,-0.1197,"structure +2.0z, confirmation +1.9z, relstrength +1.9z",,,,,,,
84,2026-09-10,3,TLO.TO,CA,Mineral Expl & Dev,long,2.937,100.0,4,11.199999809265137,0.6093,8.8878,5.1341,4.694,1.8875,"displacement +2.5z, volume +2.4z, structure +2.3z",,,,,,,
84,2026-09-10,1,VEON,US,Media & Telecom,long,3.567,100.0,2,69.16000366210938,2.5243,2.8977,3.153,2.0996,0.0,"structure +2.3z, confirmation +2.2z, range +1.9z",,,,,,,
85,2026-09-11,3,ATEC,US,Healthcare Equipment,long,3.12,99.9,4,10.579999923706056,0.49,4.1497,4.6294,3.5918,1.449,"displacement +2.7z, confirmation +2.5z, volume +2.0z",,,,,,,
85,2026-09-11,1,FEIM,US,Industrials & Machinery,long,3.567,100.0,4,88.37999725341797,5.0471,7.0204,5.2379,5.4883,4.0736,"displacement +3.0z, confirmation +2.5z, volume +2.3z",,,,,,,
85,2026-09-11,2,TEN,US,Transportation & Logistics,long,3.268,100.0,3,47.900001525878906,1.4193,3.9925,2.9038,2.4872,0.4509,"confirmation +2.4z, structure +2.3z, volume +2.2z",,,,,,,
86,2026-09-14,2,BWIN,US,Insurance,long,2.704,99.7,3,32.0,1.2118,24.8705,1.8334,2.0878,1.8073,"volume +2.6z, displacement +2.1z, confirmation +2.0z",,,,,,,
86,2026-09-14,1,CRWD,US,Software & IT Services,long,3.567,100.0,2,235.3800048828125,15.2014,2.93,2.9839,2.1465,0.8065,"displacement +2.2z, confirmation +2.0z, structure +1.9z",,,,,,,
86,2026-09-14,3,UTF,US,,short,2.585,99.5,2,25.200000762939453,0.3448,2.7186,-4.1515,2.4365,-0.5221,"displacement +2.0z, confirmation +1.9z, volume +1.8z",,,,,,,
87,2026-09-15,2,ALHC,US,Insurance,short,3.269,100.0,4,10.369999885559082,0.7475,7.0336,-3.9553,4.0134,-1.0234,"displacement +2.6z, confirmation +2.2z, volume +2.0z",,,,,,,
87,2026-09-15,1,PLAY,US,Retail & Consumer Services,short,3.568,100.0,4,6.860000133514404,0.6429,10.2539,-3.7793,2.6753,-1.431,"displacement +2.6z, confirmation +2.4z, volume +2.4z",,,,,,,
87,2026-09-15,3,SDGR,US,Pharma & Biotech,long,3.122,99.9,3,23.25,1.2109,4.1856,3.1025,2.7832,0.0248,"confirmation +2.2z, relstrength +2.1z, volume +2.0z",,,,,,,
88,2026-09-16,2,ALHC,US,Insurance,short,3.269,100.0,3,8.710000038146973,0.8125,5.8543,-2.9781,2.3015,-0.0862,"confirmation +2.2z, relstrength +2.1z, volume +1.8z",,,,,,,
88,2026-09-16,1,JBHT,US,Transportation & Logistics,short,3.568,100.0,4,236.72999572753903,9.4136,6.0017,-4.9343,4.025,-3.2039,"displacement +3.2z, volume +2.3z, confirmation +2.2z",,,,,,,
88,2026-09-16,3,PNTG,US,Healthcare Equipment,long,2.945,99.9,3,42.47999954223633,1.3729,4.8265,3.2442,2.0199,-0.0874,"confirmation +2.6z, volume +2.2z, structure +2.0z",,,,,,,
89,2026-09-17,2,AN,US,Retail & Consumer Services,short,3.021,99.9,3,174.8800048828125,7.7893,5.0981,-4.2884,3.786,0.4403,"confirmation +2.2z, volume +2.1z, range +1.8z",,,,,,,
89,2026-09-17,3,PSIX,US,Industrials & Machinery,long,2.882,99.8,3,45.54999923706055,2.4886,3.8082,2.2274,2.7445,1.3662,"displacement +2.2z, volume +1.9z, relstrength +1.8z",,,,,,,
89,2026-09-17,1,SDGR,US,Pharma & Biotech,long,3.568,100.0,3,30.239999771118164,1.6551,9.8961,5.2077,3.9151,0.0967,"confirmation +2.6z, range +2.4z, structure +2.4z",,,,,,,
90,2026-09-18,2,GEMI,US,Capital Markets,long,3.271,100.0,3,5.809999942779541,0.4677,7.313,4.6417,3.0574,0.2993,"confirmation +2.4z, relstrength +2.1z, displacement +2.1z",,,,,,,
90,2026-09-18,3,TJGC,US,Commercial & Professional Services,long,2.83,99.8,2,16.84000015258789,1.3282,1.4663,5.1908,6.2866,-0.1129,"relstrength +2.6z, structure +2.1z, range +2.0z",suspect_unadjusted_split,,,,,,
90,2026-09-18,1,XENE,US,Pharma & Biotech,short,3.569,100.0,4,39.75,2.7575,29.9592,-6.6066,6.6256,-4.8341,"displacement +3.5z, confirmation +2.4z, relstrength +2.1z",,,,,,,
91,2026-09-21,2,GRAL,US,Healthcare Equipment,long,3.271,100.0,4,107.97000122070312,5.7228,5.3459,5.5754,5.368,2.2201,"displacement +2.7z, confirmation +2.3z, volume +2.3z",,,,,,,
91,2026-09-21,3,NUAI,US,"Oil, Gas & Coal",long,3.123,99.9,4,7.650000095367432,0.6439,4.7867,3.4536,3.2302,1.5607,"displacement +2.4z, relstrength +2.3z, volume +2.2z",,,,,,,
91,2026-09-21,1,WBD,US,Media & Telecom,long,3.57,100.0,4,30.799999237060547,0.5286,14.8428,5.9582,5.9027,3.727,"displacement +3.0z, confirmation +2.7z, volume +2.5z",,,,,,,
92,2026-09-21,1,CRML,US,Mining & Metals,long,3.22,100.0,4,9.329999923706056,0.6541,9.4864,4.6712,4.4491,3.0272,"displacement +2.7z, volume +2.4z, confirmation +2.4z",,,,,,,
92,2026-09-21,2,LB.TO,CA,Banking,long,2.39,99.3,2,40.65999984741211,0.08,1.2127,3.4499,3.25,2.125,"displacement +2.2z, structure +1.3z, range +1.0z",,,,,,,
93,2026-09-21,1,LB.TO,CA,Banking,long,2.39,99.3,3,40.65999984741211,0.08,1.2127,3.4499,3.25,2.125,"displacement +2.2z, structure +1.3z, range +1.0z",,,,,,,
1790041226007403,2026-09-21,3,CRML,US,Mining & Metals,long,2.972,99.9,4,9.329999923706056,0.6541,9.5091,4.6712,4.4491,3.0043,"displacement +2.8z, volume +2.5z, confirmation +2.3z",,6.0,4.4696,3.8207,2.0,3.5254,2365.0
1790041226007403,2026-09-21,2,GRAL,US,Healthcare Equipment,long,3.223,100.0,3,107.97000122070312,5.7235,5.3476,5.5754,5.3691,2.2661,"displacement +2.8z, confirmation +2.4z, volume +2.2z",,6.0,4.4696,3.8207,2.0,3.5254,2365.0
1790041226007403,2026-09-21,1,WBD,US,Media & Telecom,long,3.525,100.0,4,30.799999237060547,0.5286,14.8567,5.9582,5.9027,3.7081,"displacement +3.0z, confirmation +2.7z, volume +2.6z",,6.0,4.4696,3.8207,2.0,3.5254,2365.0
